Apgabals,Struktūrvienība,Party,Name,Gender,Number,Pluses,Minuses
Riga,Rīga,1. Jaunā VIENOTĪBA,Edgars Rinkēvičs,Male,1,35072,1090
Riga,Rīga,1. Jaunā VIENOTĪBA,Inese Lībiņa-Egnere,Female,2,8640,2609
Riga,Rīga,1. Jaunā VIENOTĪBA,Andrejs Judins,Male,3,10689,2487
Riga,Rīga,1. Jaunā VIENOTĪBA,Kārlis Šadurskis,Male,4,7525,9229
Riga,Rīga,1. Jaunā VIENOTĪBA,Zanda Kalniņa-Lukaševica,Female,5,4676,4496
Riga,Rīga,1. Jaunā VIENOTĪBA,Karina Ploka,Female,6,1595,2821
Riga,Rīga,1. Jaunā VIENOTĪBA,Dāvis Mārtiņš Daugavietis,Male,7,2556,2511
Riga,Rīga,1. Jaunā VIENOTĪBA,Iveta Benhena-Bēkena,Female,8,1779,3524
Riga,Rīga,1. Jaunā VIENOTĪBA,Lolita Čigāne,Female,9,5218,6434
Riga,Rīga,1. Jaunā VIENOTĪBA,Uģis Rotbergs,Male,10,2288,2369
Riga,Rīga,1. Jaunā VIENOTĪBA,Agnese Krasta,Female,11,1477,1792
Riga,Rīga,1. Jaunā VIENOTĪBA,Jānis Patmalnieks,Male,12,1846,2096
Riga,Rīga,1. Jaunā VIENOTĪBA,Zane Skujiņa,Female,13,1903,1894
Riga,Rīga,1. Jaunā VIENOTĪBA,Irma Kalniņa,Female,14,3142,2441
Riga,Rīga,1. Jaunā VIENOTĪBA,Gatis Liepiņš,Male,15,1288,2071
Riga,Rīga,1. Jaunā VIENOTĪBA,Santa Survila,Female,16,1251,2151
Riga,Rīga,1. Jaunā VIENOTĪBA,Ričards Aksels Ozoliņš,Male,17,1121,2153
Riga,Rīga,1. Jaunā VIENOTĪBA,Edgars Jākobsons,Male,18,1005,2024
Riga,Rīga,1. Jaunā VIENOTĪBA,Normunds Balabka,Male,19,987,2303
Riga,Rīga,1. Jaunā VIENOTĪBA,Barba Tuzika,Female,20,1232,2383
Riga,Rīga,1. Jaunā VIENOTĪBA,Toms Vāvere,Male,21,1329,2301
Riga,Rīga,1. Jaunā VIENOTĪBA,Inese Kalniņa,Female,22,1343,1725
Riga,Rīga,1. Jaunā VIENOTĪBA,Māris Luste,Male,23,965,1946
Riga,Rīga,1. Jaunā VIENOTĪBA,Dmitrijs Golubevs,Male,24,1711,3645
Riga,Rīga,1. Jaunā VIENOTĪBA,Jānis Šiliņš,Male,25,1064,2472
Riga,Rīga,1. Jaunā VIENOTĪBA,Kristīne Jučkoviča,Female,26,1069,2097
Riga,Rīga,1. Jaunā VIENOTĪBA,Jānis Lazdāns,Male,27,936,1775
Riga,Rīga,1. Jaunā VIENOTĪBA,Edvīns Kalviņš,Male,28,976,1999
Riga,Rīga,1. Jaunā VIENOTĪBA,Dāvis Dejus,Male,29,1167,2990
Riga,Rīga,1. Jaunā VIENOTĪBA,Miķelis Cinis,Male,30,937,1865
Riga,Rīga,1. Jaunā VIENOTĪBA,Jogita Ozola,Female,31,905,2148
Riga,Rīga,1. Jaunā VIENOTĪBA,Roberts Matulis,Male,32,946,1818
Riga,Rīga,1. Jaunā VIENOTĪBA,Emīls Dālderis,Male,33,1117,2478
Riga,Rīga,1. Jaunā VIENOTĪBA,Didzis Brūklītis,Male,34,949,1855
Riga,Rīga,1. Jaunā VIENOTĪBA,Linards Rundāns,Male,35,671,2535
Riga,Rīga,1. Jaunā VIENOTĪBA,Oskars Baltais,Male,36,839,2696
Riga,Rīga,1. Jaunā VIENOTĪBA,Andis Geižāns,Male,37,883,2083
Riga,Rīga,1. Jaunā VIENOTĪBA,Laura Martinova,Female,38,949,2171
Riga,Rīga,1. Jaunā VIENOTĪBA,Edmunds Jurēvics,Male,39,1739,2208
Riga,Rīga,"2. ""Latvijas Krievu savienība""",Miroslavs Mitrofanovs,Male,1,5180,216
Riga,Rīga,"2. ""Latvijas Krievu savienība""",Inna Djeri,Female,2,1985,162
Riga,Rīga,"2. ""Latvijas Krievu savienība""",Normunds Grostiņš,Male,3,1596,152
Riga,Rīga,"2. ""Latvijas Krievu savienība""",Jūlija Sohina,Female,4,1766,109
Riga,Rīga,"2. ""Latvijas Krievu savienība""",Igors Meļņikovs,Male,5,1372,138
Riga,Rīga,"2. ""Latvijas Krievu savienība""",Ļubova Ždanova,Female,6,1683,121
Riga,Rīga,"2. ""Latvijas Krievu savienība""",Vladimirs Sokolovs,Male,7,1320,97
Riga,Rīga,"2. ""Latvijas Krievu savienība""",Natālija Jolkina,Female,8,1297,109
Riga,Rīga,"2. ""Latvijas Krievu savienība""",Deniss Gorba,Male,9,1073,107
Riga,Rīga,"2. ""Latvijas Krievu savienība""",Tatjana Andrijeca,Female,10,1067,124
Riga,Rīga,"2. ""Latvijas Krievu savienība""",Dmitrijs Šandibins,Male,11,923,116
Riga,Rīga,"2. ""Latvijas Krievu savienība""",Ņina Kaplāne,Female,12,829,124
Riga,Rīga,"2. ""Latvijas Krievu savienība""",Andžejs Zdanovičs,Male,13,909,113
Riga,Rīga,"2. ""Latvijas Krievu savienība""",Jekaterina Mitrofanova,Female,14,1139,162
Riga,Rīga,"2. ""Latvijas Krievu savienība""",Maksims Molčanovs,Male,15,916,107
Riga,Rīga,"2. ""Latvijas Krievu savienība""",Andrejs Solopenko,Male,16,844,105
Riga,Rīga,"2. ""Latvijas Krievu savienība""",Nataļja Ļebedeva,Female,17,1040,112
Riga,Rīga,"2. ""Latvijas Krievu savienība""",Vladislavs Rafaļskis,Male,18,1338,119
Riga,Rīga,"2. ""Latvijas Krievu savienība""",Filips Dudins,Male,19,793,116
Riga,Rīga,"2. ""Latvijas Krievu savienība""",Tatjana Favorska,Female,20,1082,104
Riga,Rīga,"2. ""Latvijas Krievu savienība""",Viktors Jolkins,Male,21,1002,103
Riga,Rīga,"2. ""Latvijas Krievu savienība""",Ņina Isačenkova,Female,22,797,107
Riga,Rīga,"2. ""Latvijas Krievu savienība""",Vjačeslavs Altuhovs,Male,23,897,112
Riga,Rīga,"2. ""Latvijas Krievu savienība""",Marina Ņepomņaščiha,Female,24,790,106
Riga,Rīga,"2. ""Latvijas Krievu savienība""",Mihails Gončarovs,Male,25,854,90
Riga,Rīga,"2. ""Latvijas Krievu savienība""",Oļegs Orlovs,Male,26,1009,108
Riga,Rīga,"2. ""Latvijas Krievu savienība""",Ņikita Molčanovs,Male,27,833,108
Riga,Rīga,"2. ""Latvijas Krievu savienība""",Regīna Savicka,Female,28,825,114
Riga,Rīga,"2. ""Latvijas Krievu savienība""",Viktors Dergunovs,Male,29,865,92
Riga,Rīga,"2. ""Latvijas Krievu savienība""",Vladimirs Hodakovskis,Male,30,838,111
Riga,Rīga,"2. ""Latvijas Krievu savienība""",Tatjana Jemeļjanova,Female,31,925,102
Riga,Rīga,"2. ""Latvijas Krievu savienība""",Igors Gladkovs,Male,32,810,105
Riga,Rīga,"2. ""Latvijas Krievu savienība""",Oļegs Fjodorovs,Male,33,876,93
Riga,Rīga,"2. ""Latvijas Krievu savienība""",Aleksejs Kurepins,Male,34,746,104
Riga,Rīga,"2. ""Latvijas Krievu savienība""",Rasma Bārbale,Female,35,792,140
Riga,Rīga,"2. ""Latvijas Krievu savienība""",Aleksandrs Tkačovs,Male,36,850,107
Riga,Rīga,"2. ""Latvijas Krievu savienība""",Aleksandrs Giļmans,Male,37,1017,129
Riga,Rīga,"2. ""Latvijas Krievu savienība""",Vladimirs Buzajevs,Male,38,1909,109
Riga,Rīga,3. Zaļo un Zemnieku savienība,Gunārs Kūtris,Male,1,2591,524
Riga,Rīga,3. Zaļo un Zemnieku savienība,Augusts Brigmanis,Male,2,1894,941
Riga,Rīga,3. Zaļo un Zemnieku savienība,Jānis Dinevičs,Male,3,1291,718
Riga,Rīga,3. Zaļo un Zemnieku savienība,Renārs Šķesters-Kambals,Male,4,982,601
Riga,Rīga,3. Zaļo un Zemnieku savienība,Inese Āboliņa,Female,5,1034,526
Riga,Rīga,3. Zaļo un Zemnieku savienība,Andrejs Vilks,Male,6,1049,475
Riga,Rīga,3. Zaļo un Zemnieku savienība,Ilze Sokolovska,Female,7,824,491
Riga,Rīga,3. Zaļo un Zemnieku savienība,Inguna Paredne,Female,8,666,444
Riga,Rīga,3. Zaļo un Zemnieku savienība,Juris Kanels,Male,9,680,464
Riga,Rīga,3. Zaļo un Zemnieku savienība,Māris Tralmaks,Male,10,740,521
Riga,Rīga,3. Zaļo un Zemnieku savienība,Māra Valaka,Female,11,625,446
Riga,Rīga,3. Zaļo un Zemnieku savienība,Reinis Uzulnieks,Male,12,813,415
Riga,Rīga,3. Zaļo un Zemnieku savienība,Jāzeps Janiševs,Male,13,617,431
Riga,Rīga,3. Zaļo un Zemnieku savienība,Māris Pļaviņš,Male,14,752,438
Riga,Rīga,3. Zaļo un Zemnieku savienība,Margarita Krauča,Female,15,672,460
Riga,Rīga,3. Zaļo un Zemnieku savienība,Jānis Kerliņš,Male,16,595,436
Riga,Rīga,3. Zaļo un Zemnieku savienība,Rolands Broks,Male,17,726,426
Riga,Rīga,3. Zaļo un Zemnieku savienība,Igors Meija,Male,18,688,442
Riga,Rīga,3. Zaļo un Zemnieku savienība,Nikolajs Zaičenko,Male,19,737,560
Riga,Rīga,3. Zaļo un Zemnieku savienība,Kārlis Markus,Male,20,624,391
Riga,Rīga,3. Zaļo un Zemnieku savienība,Gunta Brūmane,Female,21,657,440
Riga,Rīga,3. Zaļo un Zemnieku savienība,Dagnis Reinsons,Male,22,587,436
Riga,Rīga,3. Zaļo un Zemnieku savienība,Ronalds Kalniņš,Male,23,658,390
Riga,Rīga,3. Zaļo un Zemnieku savienība,Oskars Mažāns,Male,24,593,394
Riga,Rīga,3. Zaļo un Zemnieku savienība,Māris Dzelzskalns,Male,25,666,384
Riga,Rīga,3. Zaļo un Zemnieku savienība,Jeļena Pundure,Female,26,605,473
Riga,Rīga,3. Zaļo un Zemnieku savienība,Laima Amatniece,Female,27,609,396
Riga,Rīga,3. Zaļo un Zemnieku savienība,Ronalds Pambakers,Male,28,567,420
Riga,Rīga,3. Zaļo un Zemnieku savienība,Gatis Dzērve-Tāluts,Male,29,551,424
Riga,Rīga,3. Zaļo un Zemnieku savienība,Evita Krievāne,Female,30,617,435
Riga,Rīga,3. Zaļo un Zemnieku savienība,Liene Zamazlova-Kazikova,Female,31,586,452
Riga,Rīga,3. Zaļo un Zemnieku savienība,Edgars Arkliņš,Male,32,574,403
Riga,Rīga,3. Zaļo un Zemnieku savienība,Igors Gromovs,Male,33,750,502
Riga,Rīga,3. Zaļo un Zemnieku savienība,Jānis Zvejnieks,Male,34,632,392
Riga,Rīga,3. Zaļo un Zemnieku savienība,Erlends Morozs,Male,35,540,497
Riga,Rīga,3. Zaļo un Zemnieku savienība,Ojārs Čeksters,Male,36,568,411
Riga,Rīga,3. Zaļo un Zemnieku savienība,Dagmāra Enkuzena,Female,37,525,419
Riga,Rīga,3. Zaļo un Zemnieku savienība,Ņina Linde,Female,38,631,507
Riga,Rīga,3. Zaļo un Zemnieku savienība,Krists Bergans-Berģis,Male,39,712,426
Riga,Rīga,4. TAUTAS KALPI LATVIJAI,Edgars Kramiņš,Male,1,1677,64
Riga,Rīga,4. TAUTAS KALPI LATVIJAI,Kristīne Lindenblate,Female,2,321,339
Riga,Rīga,4. TAUTAS KALPI LATVIJAI,Egils Rutkovskis,Male,3,182,219
Riga,Rīga,4. TAUTAS KALPI LATVIJAI,Guntars Dzenis,Male,4,179,238
Riga,Rīga,4. TAUTAS KALPI LATVIJAI,Simona Kalniņa,Female,5,305,125
Riga,Rīga,4. TAUTAS KALPI LATVIJAI,Arturs Lācis,Male,6,145,239
Riga,Rīga,4. TAUTAS KALPI LATVIJAI,Andis Šmuksts,Male,7,222,140
Riga,Rīga,4. TAUTAS KALPI LATVIJAI,Vita Borisa,Female,8,195,159
Riga,Rīga,4. TAUTAS KALPI LATVIJAI,Inga Sprūde,Female,9,280,130
Riga,Rīga,4. TAUTAS KALPI LATVIJAI,Poļina Dobrinska,Female,10,107,188
Riga,Rīga,4. TAUTAS KALPI LATVIJAI,Ziedonis Liepiņš,Male,11,114,190
Riga,Rīga,4. TAUTAS KALPI LATVIJAI,Baiba Voicehoviča,Female,12,264,135
Riga,Rīga,4. TAUTAS KALPI LATVIJAI,Māra Veidemane,Female,13,161,142
Riga,Rīga,4. TAUTAS KALPI LATVIJAI,Agris Redisons,Male,14,97,165
Riga,Rīga,4. TAUTAS KALPI LATVIJAI,Kristīne Ozoliņa,Female,15,101,184
Riga,Rīga,4. TAUTAS KALPI LATVIJAI,Vilors Eihmanis,Male,16,97,156
Riga,Rīga,4. TAUTAS KALPI LATVIJAI,Ilva Aldiņa,Female,17,100,208
Riga,Rīga,4. TAUTAS KALPI LATVIJAI,Sandra Fedotova,Female,18,89,218
Riga,Rīga,4. TAUTAS KALPI LATVIJAI,Artūrs Gurskis-Grants,Male,19,92,150
Riga,Rīga,4. TAUTAS KALPI LATVIJAI,Konstantīns Žiharevs,Male,20,78,232
Riga,Rīga,4. TAUTAS KALPI LATVIJAI,Kristīne Gecko,Female,21,77,161
Riga,Rīga,4. TAUTAS KALPI LATVIJAI,Renāte Indrika,Female,22,207,122
Riga,Rīga,4. TAUTAS KALPI LATVIJAI,Anna Bergmane,Female,23,87,160
Riga,Rīga,4. TAUTAS KALPI LATVIJAI,Kristīne Ābele,Female,24,101,146
Riga,Rīga,4. TAUTAS KALPI LATVIJAI,Ināra Šatkovska,Female,25,97,187
Riga,Rīga,4. TAUTAS KALPI LATVIJAI,Mairis Austriņš,Male,26,86,197
Riga,Rīga,4. TAUTAS KALPI LATVIJAI,Aldis Fokrots,Male,27,82,180
Riga,Rīga,4. TAUTAS KALPI LATVIJAI,Artjoms Trojanovs,Male,28,76,215
Riga,Rīga,4. TAUTAS KALPI LATVIJAI,Ģirts Bērzapāns,Male,29,75,197
Riga,Rīga,4. TAUTAS KALPI LATVIJAI,Ivo Malcenieks,Male,30,81,198
Riga,Rīga,4. TAUTAS KALPI LATVIJAI,Paula Minusa,Female,31,106,199
Riga,Rīga,4. TAUTAS KALPI LATVIJAI,Jana Kļaviņa,Female,32,80,209
Riga,Rīga,4. TAUTAS KALPI LATVIJAI,Lauris Bočs,Male,33,124,195
Riga,Rīga,4. TAUTAS KALPI LATVIJAI,Kristaps Dubults,Male,34,102,207
Riga,Rīga,"5. ""SUVERĒNĀ VARA""",Jūlija Stepaņenko,Female,1,9471,49
Riga,Rīga,"5. ""SUVERĒNĀ VARA""",Aleksejs Stetjuha,Male,2,3366,174
Riga,Rīga,"5. ""SUVERĒNĀ VARA""",Vladislava Drobiševa,Female,3,1923,139
Riga,Rīga,"5. ""SUVERĒNĀ VARA""",Poļina Rožkova,Female,4,1343,126
Riga,Rīga,"5. ""SUVERĒNĀ VARA""",Aleksejs Vinogradskis,Male,5,1217,126
Riga,Rīga,"5. ""SUVERĒNĀ VARA""",Olga Veidiņa,Female,6,1164,128
Riga,Rīga,"5. ""SUVERĒNĀ VARA""",Andrejs Jakovļevs,Male,7,1174,136
Riga,Rīga,"5. ""SUVERĒNĀ VARA""",Aleksandra Cimbale,Female,8,1030,134
Riga,Rīga,"5. ""SUVERĒNĀ VARA""",Mihails Černousovs,Male,9,1319,125
Riga,Rīga,"5. ""SUVERĒNĀ VARA""",Tatjana Pečurina,Female,10,1104,133
Riga,Rīga,"5. ""SUVERĒNĀ VARA""",Andris Bērziņš,Male,11,1073,150
Riga,Rīga,"5. ""SUVERĒNĀ VARA""",Alise Lake Sandri,Female,12,926,167
Riga,Rīga,"5. ""SUVERĒNĀ VARA""",Andrejs Šikors,Male,13,911,124
Riga,Rīga,"5. ""SUVERĒNĀ VARA""",Alla Petrenko,Female,14,1015,125
Riga,Rīga,"5. ""SUVERĒNĀ VARA""",Viktorija Žuka-Ņikuļina,Female,15,921,118
Riga,Rīga,"5. ""SUVERĒNĀ VARA""",Olga Apsīte,Female,16,1026,123
Riga,Rīga,"5. ""SUVERĒNĀ VARA""",Aleksandrs Pikaļovs,Male,17,905,119
Riga,Rīga,"5. ""SUVERĒNĀ VARA""",Armands Kaļišuks,Male,18,904,125
Riga,Rīga,"5. ""SUVERĒNĀ VARA""",Marita Oliņa,Female,19,861,120
Riga,Rīga,"5. ""SUVERĒNĀ VARA""",Sergejs Bodarovs,Male,20,982,117
Riga,Rīga,"5. ""SUVERĒNĀ VARA""",Sergejs Ortinskis,Male,21,970,128
Riga,Rīga,"5. ""SUVERĒNĀ VARA""",Vitālijs Kuļčihins,Male,22,880,116
Riga,Rīga,"5. ""SUVERĒNĀ VARA""",Aleksandra Voskoboiņika,Female,23,944,124
Riga,Rīga,"5. ""SUVERĒNĀ VARA""",Timurs Safiuļins,Male,24,870,124
Riga,Rīga,"5. ""SUVERĒNĀ VARA""",Aleksandrs Ipatovs,Male,25,899,113
Riga,Rīga,"5. ""SUVERĒNĀ VARA""",Natalija Osovska,Female,26,886,106
Riga,Rīga,"5. ""SUVERĒNĀ VARA""",Osvalds Kretainis,Male,27,801,118
Riga,Rīga,"5. ""SUVERĒNĀ VARA""",Jeļena Tjurina,Female,28,901,103
Riga,Rīga,"5. ""SUVERĒNĀ VARA""",Oksana Sadigova,Female,29,865,116
Riga,Rīga,"5. ""SUVERĒNĀ VARA""",Dainis Gīrupnieks,Male,30,824,118
Riga,Rīga,"5. ""SUVERĒNĀ VARA""",Andrejs Jefremovs,Male,31,1008,112
Riga,Rīga,"5. ""SUVERĒNĀ VARA""",Una Melameda,Female,32,817,124
Riga,Rīga,"5. ""SUVERĒNĀ VARA""",Silvita Kravale,Female,33,825,114
Riga,Rīga,"5. ""SUVERĒNĀ VARA""",Igors Svincickis,Male,34,811,112
Riga,Rīga,"5. ""SUVERĒNĀ VARA""",Aleksejs Dubovs,Male,35,929,126
Riga,Rīga,"5. ""SUVERĒNĀ VARA""",Vladimirs Vorohobovs,Male,36,842,119
Riga,Rīga,"5. ""SUVERĒNĀ VARA""",Vadims Iļasovs,Male,37,881,132
Riga,Rīga,"5. ""SUVERĒNĀ VARA""",Dainis V Michelis,Male,38,815,148
Riga,Rīga,"5. ""SUVERĒNĀ VARA""",Kristīne Siričenko,Female,39,847,119
Riga,Rīga,"6. ""Kristīgi Progresīvā Partija""",Andrejs Krasņikovs,Male,1,122,13
Riga,Rīga,"6. ""Kristīgi Progresīvā Partija""",Oskars Švāns,Male,2,87,8
Riga,Rīga,"6. ""Kristīgi Progresīvā Partija""",Gunita Ozola-Kviese,Female,3,75,8
Riga,Rīga,"6. ""Kristīgi Progresīvā Partija""",Vija Kārkliņa,Female,4,50,10
Riga,Rīga,"6. ""Kristīgi Progresīvā Partija""",Ina Mažgane,Female,5,44,14
Riga,Rīga,"6. ""Kristīgi Progresīvā Partija""",Atis Zilbers,Male,6,50,6
Riga,Rīga,"6. ""Kristīgi Progresīvā Partija""",Māris Abiļevs,Male,7,61,9
Riga,Rīga,"6. ""Kristīgi Progresīvā Partija""",Normunds Līcītis,Male,8,54,7
Riga,Rīga,"6. ""Kristīgi Progresīvā Partija""",Sandis Plūmītis,Male,9,42,10
Riga,Rīga,"6. ""Kristīgi Progresīvā Partija""",Vladislavs Gorjačkins,Male,10,46,13
Riga,Rīga,"6. ""Kristīgi Progresīvā Partija""",Zilgma Feščenko,Female,11,38,15
Riga,Rīga,"6. ""Kristīgi Progresīvā Partija""",Dace Kudiņa,Female,12,50,11
Riga,Rīga,"7. ""Saskaņa"" sociāldemokrātiskā partija",Jānis Urbanovičs,Male,1,5775,654
Riga,Rīga,"7. ""Saskaņa"" sociāldemokrātiskā partija",Andrejs Klementjevs,Male,2,4859,376
Riga,Rīga,"7. ""Saskaņa"" sociāldemokrātiskā partija",Mairis Briedis,Male,3,4442,574
Riga,Rīga,"7. ""Saskaņa"" sociāldemokrātiskā partija",Anna Vladova,Female,4,3788,418
Riga,Rīga,"7. ""Saskaņa"" sociāldemokrātiskā partija",Boriss Cilevičs,Male,5,3164,488
Riga,Rīga,"7. ""Saskaņa"" sociāldemokrātiskā partija",Artūrs Rubiks,Male,6,2377,470
Riga,Rīga,"7. ""Saskaņa"" sociāldemokrātiskā partija",Ivans Klementjevs,Male,7,2287,404
Riga,Rīga,"7. ""Saskaņa"" sociāldemokrātiskā partija",Igors Pimenovs,Male,8,2195,379
Riga,Rīga,"7. ""Saskaņa"" sociāldemokrātiskā partija",Igors Solomatins,Male,9,1676,382
Riga,Rīga,"7. ""Saskaņa"" sociāldemokrātiskā partija",Andrejs Kozlovs,Male,10,1409,418
Riga,Rīga,"7. ""Saskaņa"" sociāldemokrātiskā partija",Nikolajs Kabanovs,Male,11,2323,467
Riga,Rīga,"7. ""Saskaņa"" sociāldemokrātiskā partija",Jekaterina Morozova,Female,12,1684,353
Riga,Rīga,"7. ""Saskaņa"" sociāldemokrātiskā partija",Abiks Elkins,Male,13,1926,428
Riga,Rīga,"7. ""Saskaņa"" sociāldemokrātiskā partija",Aleksandra Semendjajeva,Female,14,1213,349
Riga,Rīga,"7. ""Saskaņa"" sociāldemokrātiskā partija",Andris Ķerpe,Male,15,1151,380
Riga,Rīga,"7. ""Saskaņa"" sociāldemokrātiskā partija",Maksims Tolstojs,Male,16,1478,373
Riga,Rīga,"7. ""Saskaņa"" sociāldemokrātiskā partija",Irina Caune,Female,17,1147,310
Riga,Rīga,"7. ""Saskaņa"" sociāldemokrātiskā partija",Sergejs Volkovs,Male,18,1193,330
Riga,Rīga,"7. ""Saskaņa"" sociāldemokrātiskā partija",Vladimirs Tkačenko,Male,19,1098,325
Riga,Rīga,"7. ""Saskaņa"" sociāldemokrātiskā partija",Alena Kaikova,Female,20,1012,328
Riga,Rīga,"7. ""Saskaņa"" sociāldemokrātiskā partija",Georgijs Jakovļevs,Male,21,1043,306
Riga,Rīga,"7. ""Saskaņa"" sociāldemokrātiskā partija",Jeļena Mirnaja,Female,22,1138,305
Riga,Rīga,"7. ""Saskaņa"" sociāldemokrātiskā partija",Angelina Erdmane,Female,23,977,341
Riga,Rīga,"7. ""Saskaņa"" sociāldemokrātiskā partija",Oļegs Peretjagins,Male,24,971,319
Riga,Rīga,"7. ""Saskaņa"" sociāldemokrātiskā partija",Gaļina Tjune,Female,25,905,342
Riga,Rīga,"7. ""Saskaņa"" sociāldemokrātiskā partija",Olga Tetere,Female,26,1013,315
Riga,Rīga,"7. ""Saskaņa"" sociāldemokrātiskā partija",Irina Kuzmina-Rimša,Female,27,1030,321
Riga,Rīga,"7. ""Saskaņa"" sociāldemokrātiskā partija",Andrejs Kurganskis,Male,28,952,313
Riga,Rīga,"7. ""Saskaņa"" sociāldemokrātiskā partija",Arturs Arhipovs,Male,29,1053,333
Riga,Rīga,"7. ""Saskaņa"" sociāldemokrātiskā partija",Gundars Ūdris,Male,30,1060,341
Riga,Rīga,"8. Politiskā partija ""Stabilitātei!""",Aleksejs Rosļikovs,Male,1,19428,68
Riga,Rīga,"8. Politiskā partija ""Stabilitātei!""",Nataļja Marčenko-Jodko,Female,2,3408,258
Riga,Rīga,"8. Politiskā partija ""Stabilitātei!""",Vilis Sruoģis,Male,3,2653,264
Riga,Rīga,"8. Politiskā partija ""Stabilitātei!""",Svetlana Čulkova,Female,4,3426,247
Riga,Rīga,"8. Politiskā partija ""Stabilitātei!""",Igors Judins,Male,5,2858,250
Riga,Rīga,"8. Politiskā partija ""Stabilitātei!""",Ina Barkanova,Female,6,2503,241
Riga,Rīga,"8. Politiskā partija ""Stabilitātei!""",Jefimijs Klementjevs,Male,7,2790,264
Riga,Rīga,"8. Politiskā partija ""Stabilitātei!""",Laura Valgere,Female,8,2270,257
Riga,Rīga,"8. Politiskā partija ""Stabilitātei!""",Ruslans Vereščagins,Male,9,2664,226
Riga,Rīga,"8. Politiskā partija ""Stabilitātei!""",Gerda Veigure-Kuka,Female,10,2132,272
Riga,Rīga,"8. Politiskā partija ""Stabilitātei!""",Jevgenijs Trigubko,Male,11,2192,230
Riga,Rīga,"8. Politiskā partija ""Stabilitātei!""",Aleksandra Triguba,Female,12,2115,250
Riga,Rīga,"8. Politiskā partija ""Stabilitātei!""",Igors Tereško,Male,13,2304,241
Riga,Rīga,"8. Politiskā partija ""Stabilitātei!""",Nataļja Nikuļina,Female,14,2398,233
Riga,Rīga,"8. Politiskā partija ""Stabilitātei!""",Maksims Ševcovs,Male,15,2542,246
Riga,Rīga,"8. Politiskā partija ""Stabilitātei!""",Pāvels Kuzmins,Male,16,2500,224
Riga,Rīga,"8. Politiskā partija ""Stabilitātei!""",Santa Škarste,Female,17,2041,266
Riga,Rīga,"8. Politiskā partija ""Stabilitātei!""",Ina Svilāne,Female,18,1982,255
Riga,Rīga,"8. Politiskā partija ""Stabilitātei!""",Sergejs Vaginovs,Male,19,2067,246
Riga,Rīga,"8. Politiskā partija ""Stabilitātei!""",Alisa Jevstifejeva,Female,20,2061,234
Riga,Rīga,"8. Politiskā partija ""Stabilitātei!""",Sergejs Jakimuškins,Male,21,2041,229
Riga,Rīga,"8. Politiskā partija ""Stabilitātei!""",Karina Panfilova,Female,22,2098,225
Riga,Rīga,"8. Politiskā partija ""Stabilitātei!""",Romans Kolosovskis,Male,23,2053,238
Riga,Rīga,"8. Politiskā partija ""Stabilitātei!""",Aļona Andrejeva,Female,24,2140,228
Riga,Rīga,"8. Politiskā partija ""Stabilitātei!""",Ivans Protopopovs,Male,25,2065,230
Riga,Rīga,"8. Politiskā partija ""Stabilitātei!""",Irina Buša,Female,26,1999,250
Riga,Rīga,"8. Politiskā partija ""Stabilitātei!""",Igors Suhanoks,Male,27,1992,231
Riga,Rīga,"8. Politiskā partija ""Stabilitātei!""",Kristīna Ņestereca,Female,28,1966,263
Riga,Rīga,"8. Politiskā partija ""Stabilitātei!""",Jeļena Bedrataja,Female,29,1931,244
Riga,Rīga,"8. Politiskā partija ""Stabilitātei!""",Žanna Mozgalova,Female,30,2016,269
Riga,Rīga,"9. Politiskā partija ""Tautas varas spēks""",Valentīns Jeremejevs,Male,1,3056,19
Riga,Rīga,"9. Politiskā partija ""Tautas varas spēks""",Uldis Freimantāls,Male,2,593,48
Riga,Rīga,"9. Politiskā partija ""Tautas varas spēks""",Arvis Abromovičs,Male,3,598,58
Riga,Rīga,"9. Politiskā partija ""Tautas varas spēks""",Andrejs Ivanovs,Male,4,609,45
Riga,Rīga,"9. Politiskā partija ""Tautas varas spēks""",Vija Rumpāne,Female,5,509,47
Riga,Rīga,"9. Politiskā partija ""Tautas varas spēks""",Aleksandrs Hmeļņickis,Male,6,539,50
Riga,Rīga,"9. Politiskā partija ""Tautas varas spēks""",Aleksandrs Kočerovs,Male,7,495,44
Riga,Rīga,"9. Politiskā partija ""Tautas varas spēks""",Andris Golovatajs,Male,8,473,45
Riga,Rīga,"9. Politiskā partija ""Tautas varas spēks""",Jānis Nagla,Male,9,487,43
Riga,Rīga,"9. Politiskā partija ""Tautas varas spēks""",Jurijs Kovaļenko,Male,10,479,40
Riga,Rīga,"9. Politiskā partija ""Tautas varas spēks""",Raitis Cinks,Male,11,436,44
Riga,Rīga,"9. Politiskā partija ""Tautas varas spēks""",Pēteris Kaušelis,Male,12,431,41
Riga,Rīga,"9. Politiskā partija ""Tautas varas spēks""",Juris Kaļinka-Aksenovs,Male,13,443,46
Riga,Rīga,"9. Politiskā partija ""Tautas varas spēks""",Mārtiņš Dančauskis,Male,14,433,43
Riga,Rīga,"9. Politiskā partija ""Tautas varas spēks""",Arturs Evels,Male,15,441,43
Riga,Rīga,"9. Politiskā partija ""Tautas varas spēks""",Andrejs Ivanovs,Male,16,511,41
Riga,Rīga,"9. Politiskā partija ""Tautas varas spēks""",Aleksis Osipovs,Male,17,486,48
Riga,Rīga,"9. Politiskā partija ""Tautas varas spēks""",Aleksandra Ivanova,Female,18,496,43
Riga,Rīga,"9. Politiskā partija ""Tautas varas spēks""",Aigars Barkāns,Male,19,433,45
Riga,Rīga,"9. Politiskā partija ""Tautas varas spēks""",Iveta Ratņikova,Female,20,458,44
Riga,Rīga,"9. Politiskā partija ""Tautas varas spēks""",Igors Meidens,Male,21,449,43
Riga,Rīga,"9. Politiskā partija ""Tautas varas spēks""",Edmunds Tulinskis,Male,22,417,39
Riga,Rīga,"9. Politiskā partija ""Tautas varas spēks""",Jeļena Petrova,Female,23,497,43
Riga,Rīga,"9. Politiskā partija ""Tautas varas spēks""",Pēteris Magone,Male,24,426,39
Riga,Rīga,"9. Politiskā partija ""Tautas varas spēks""",Tatjana Kovaļenko,Female,25,476,41
Riga,Rīga,"9. Politiskā partija ""Tautas varas spēks""",Jana Spriņģe,Female,26,419,42
Riga,Rīga,"9. Politiskā partija ""Tautas varas spēks""",Nikolajs Hrustaļovs,Male,27,451,41
Riga,Rīga,"9. Politiskā partija ""Tautas varas spēks""",Nadežda Suvorova,Female,28,459,44
Riga,Rīga,"9. Politiskā partija ""Tautas varas spēks""",Aleksejs Žigalkins,Male,29,463,42
Riga,Rīga,"9. Politiskā partija ""Tautas varas spēks""",Viktorija Sazonova,Female,30,440,40
Riga,Rīga,"9. Politiskā partija ""Tautas varas spēks""",Marija Romanova,Female,31,444,40
Riga,Rīga,"9. Politiskā partija ""Tautas varas spēks""",Dmitrijs Kuzņecovs,Male,32,465,40
Riga,Rīga,"9. Politiskā partija ""Tautas varas spēks""",Lauris Zelmenis,Male,33,414,43
Riga,Rīga,"9. Politiskā partija ""Tautas varas spēks""",Viktorija Solopčuka,Female,34,416,43
Riga,Rīga,"9. Politiskā partija ""Tautas varas spēks""",Igors Tihomirovs,Male,35,490,41
Riga,Rīga,"9. Politiskā partija ""Tautas varas spēks""",Aleksejs Apanasovs,Male,36,459,38
Riga,Rīga,"9. Politiskā partija ""Tautas varas spēks""",Vladimirs Koteļeņecs,Male,37,440,39
Riga,Rīga,"9. Politiskā partija ""Tautas varas spēks""",Līga Lamberte,Female,38,418,40
Riga,Rīga,"9. Politiskā partija ""Tautas varas spēks""",Olga Jurčenko,Female,39,463,43
Riga,Rīga,"10. Partija ""Vienoti Latvijai""",Anita Mitriķe,Female,1,106,16
Riga,Rīga,"10. Partija ""Vienoti Latvijai""",Kristīne Belverte,Female,2,57,14
Riga,Rīga,"10. Partija ""Vienoti Latvijai""",Sanita Lablaika,Female,3,52,18
Riga,Rīga,"10. Partija ""Vienoti Latvijai""",Dainis Vītols,Male,4,64,14
Riga,Rīga,"10. Partija ""Vienoti Latvijai""",Normunds Mucenieks,Male,5,61,14
Riga,Rīga,"10. Partija ""Vienoti Latvijai""",Artūrs Knope,Male,6,49,17
Riga,Rīga,"10. Partija ""Vienoti Latvijai""",Rihards Treijs,Male,7,50,16
Riga,Rīga,"10. Partija ""Vienoti Latvijai""",Kristaps Barons,Male,8,52,19
Riga,Rīga,"10. Partija ""Vienoti Latvijai""",Gatis Drēviņš,Male,9,48,17
Riga,Rīga,"10. Partija ""Vienoti Latvijai""",Valdis Līcis,Male,10,45,16
Riga,Rīga,"11. Nacionālā apvienība ""Visu Latvijai!""-""Tēvzemei un Brīvībai/LNNK""",Ināra Mūrniece,Female,1,5820,1794
Riga,Rīga,"11. Nacionālā apvienība ""Visu Latvijai!""-""Tēvzemei un Brīvībai/LNNK""",Nauris Puntulis,Male,2,3674,1864
Riga,Rīga,"11. Nacionālā apvienība ""Visu Latvijai!""-""Tēvzemei un Brīvībai/LNNK""",Rihards Kols,Male,3,4159,1168
Riga,Rīga,"11. Nacionālā apvienība ""Visu Latvijai!""-""Tēvzemei un Brīvībai/LNNK""",Ritvars Jansons,Male,4,1344,1212
Riga,Rīga,"11. Nacionālā apvienība ""Visu Latvijai!""-""Tēvzemei un Brīvībai/LNNK""",Ieva Siliņa,Female,5,992,1226
Riga,Rīga,"11. Nacionālā apvienība ""Visu Latvijai!""-""Tēvzemei un Brīvībai/LNNK""",Ģirts Lapiņš,Male,6,1152,706
Riga,Rīga,"11. Nacionālā apvienība ""Visu Latvijai!""-""Tēvzemei un Brīvībai/LNNK""",Jurģis Klotiņš,Male,7,1475,763
Riga,Rīga,"11. Nacionālā apvienība ""Visu Latvijai!""-""Tēvzemei un Brīvībai/LNNK""",Ieva Holma,Female,8,972,786
Riga,Rīga,"11. Nacionālā apvienība ""Visu Latvijai!""-""Tēvzemei un Brīvībai/LNNK""",Edvards Ratnieks,Male,9,1188,946
Riga,Rīga,"11. Nacionālā apvienība ""Visu Latvijai!""-""Tēvzemei un Brīvībai/LNNK""",Ginta Vilcāne,Female,10,723,869
Riga,Rīga,"11. Nacionālā apvienība ""Visu Latvijai!""-""Tēvzemei un Brīvībai/LNNK""",Dzintars Mozgis,Male,11,972,1021
Riga,Rīga,"11. Nacionālā apvienība ""Visu Latvijai!""-""Tēvzemei un Brīvībai/LNNK""",Aleksandrs Kiršteins,Male,12,2997,1412
Riga,Rīga,"11. Nacionālā apvienība ""Visu Latvijai!""-""Tēvzemei un Brīvībai/LNNK""",Pēteris Leiškalns,Male,13,797,1388
Riga,Rīga,"11. Nacionālā apvienība ""Visu Latvijai!""-""Tēvzemei un Brīvībai/LNNK""",Jānis Arnis,Male,14,425,728
Riga,Rīga,"11. Nacionālā apvienība ""Visu Latvijai!""-""Tēvzemei un Brīvībai/LNNK""",Olga Berga,Female,15,454,751
Riga,Rīga,"11. Nacionālā apvienība ""Visu Latvijai!""-""Tēvzemei un Brīvībai/LNNK""",Jānis Derums,Male,16,517,761
Riga,Rīga,"11. Nacionālā apvienība ""Visu Latvijai!""-""Tēvzemei un Brīvībai/LNNK""",Jānis Ratkevičs,Male,17,566,757
Riga,Rīga,"11. Nacionālā apvienība ""Visu Latvijai!""-""Tēvzemei un Brīvībai/LNNK""",Zigurds Strīķis,Male,18,807,774
Riga,Rīga,"11. Nacionālā apvienība ""Visu Latvijai!""-""Tēvzemei un Brīvībai/LNNK""",Atis Gridjuško,Male,19,432,847
Riga,Rīga,"11. Nacionālā apvienība ""Visu Latvijai!""-""Tēvzemei un Brīvībai/LNNK""",Māris Kaminskis,Male,20,676,635
Riga,Rīga,"11. Nacionālā apvienība ""Visu Latvijai!""-""Tēvzemei un Brīvībai/LNNK""",Rolands Parasigs-Parasiņš,Male,21,436,769
Riga,Rīga,"11. Nacionālā apvienība ""Visu Latvijai!""-""Tēvzemei un Brīvībai/LNNK""",Dace Balode,Female,22,594,780
Riga,Rīga,"11. Nacionālā apvienība ""Visu Latvijai!""-""Tēvzemei un Brīvībai/LNNK""",Aija Sannikova,Female,23,449,712
Riga,Rīga,"11. Nacionālā apvienība ""Visu Latvijai!""-""Tēvzemei un Brīvībai/LNNK""",Roberts Spručs,Male,24,461,637
Riga,Rīga,"11. Nacionālā apvienība ""Visu Latvijai!""-""Tēvzemei un Brīvībai/LNNK""",Juris Stahovskis,Male,25,347,718
Riga,Rīga,"11. Nacionālā apvienība ""Visu Latvijai!""-""Tēvzemei un Brīvībai/LNNK""",Vineta Stolere,Female,26,422,680
Riga,Rīga,"11. Nacionālā apvienība ""Visu Latvijai!""-""Tēvzemei un Brīvībai/LNNK""",Andris Švalbe,Male,27,346,680
Riga,Rīga,"11. Nacionālā apvienība ""Visu Latvijai!""-""Tēvzemei un Brīvībai/LNNK""",Ilmārs Geiba,Male,28,550,666
Riga,Rīga,"11. Nacionālā apvienība ""Visu Latvijai!""-""Tēvzemei un Brīvībai/LNNK""",Marija Luīze Ratniece,Female,29,691,865
Riga,Rīga,"11. Nacionālā apvienība ""Visu Latvijai!""-""Tēvzemei un Brīvībai/LNNK""",Romāns Tilleris,Male,30,345,628
Riga,Rīga,"11. Nacionālā apvienība ""Visu Latvijai!""-""Tēvzemei un Brīvībai/LNNK""",Anna Amanda Stolere,Female,31,443,779
Riga,Rīga,"11. Nacionālā apvienība ""Visu Latvijai!""-""Tēvzemei un Brīvībai/LNNK""",Jurģis Meženieks,Male,32,388,612
Riga,Rīga,"11. Nacionālā apvienība ""Visu Latvijai!""-""Tēvzemei un Brīvībai/LNNK""",Sarmīte Valaine,Female,33,496,714
Riga,Rīga,"11. Nacionālā apvienība ""Visu Latvijai!""-""Tēvzemei un Brīvībai/LNNK""",Edgars Jansons,Male,34,463,627
Riga,Rīga,"11. Nacionālā apvienība ""Visu Latvijai!""-""Tēvzemei un Brīvībai/LNNK""",Edvīns Ginters,Male,35,427,733
Riga,Rīga,"11. Nacionālā apvienība ""Visu Latvijai!""-""Tēvzemei un Brīvībai/LNNK""",Pēteris Rakštis,Male,36,337,731
Riga,Rīga,"11. Nacionālā apvienība ""Visu Latvijai!""-""Tēvzemei un Brīvībai/LNNK""",Nils Veidemanis,Male,37,405,611
Riga,Rīga,"11. Nacionālā apvienība ""Visu Latvijai!""-""Tēvzemei un Brīvībai/LNNK""",Ernests Mežals,Male,38,443,734
Riga,Rīga,"11. Nacionālā apvienība ""Visu Latvijai!""-""Tēvzemei un Brīvībai/LNNK""",Roberts Ķipurs,Male,39,776,587
Riga,Rīga,12. LATVIJA PIRMAJĀ VIETĀ,Ainārs Šlesers,Male,1,16606,578
Riga,Rīga,12. LATVIJA PIRMAJĀ VIETĀ,Oļegs Burovs,Male,2,4393,2672
Riga,Rīga,12. LATVIJA PIRMAJĀ VIETĀ,Šarlote Šulca,Female,3,1563,639
Riga,Rīga,12. LATVIJA PIRMAJĀ VIETĀ,Karina Plaude,Female,4,1668,574
Riga,Rīga,12. LATVIJA PIRMAJĀ VIETĀ,Romāns Mežeckis,Male,5,1300,640
Riga,Rīga,12. LATVIJA PIRMAJĀ VIETĀ,Diāna Novicka,Female,6,1201,604
Riga,Rīga,12. LATVIJA PIRMAJĀ VIETĀ,Raimonds Rublovskis,Male,7,1440,545
Riga,Rīga,12. LATVIJA PIRMAJĀ VIETĀ,Leontijs Morozs,Male,8,1287,675
Riga,Rīga,12. LATVIJA PIRMAJĀ VIETĀ,Vladimirs Keidāns,Male,9,1192,611
Riga,Rīga,12. LATVIJA PIRMAJĀ VIETĀ,Sergejs Belijs,Male,10,1472,717
Riga,Rīga,12. LATVIJA PIRMAJĀ VIETĀ,Juris Leitietis,Male,11,917,533
Riga,Rīga,12. LATVIJA PIRMAJĀ VIETĀ,Dmitrijs Pavlovs,Male,12,1507,628
Riga,Rīga,12. LATVIJA PIRMAJĀ VIETĀ,Maija Armaņeva,Female,13,1923,770
Riga,Rīga,12. LATVIJA PIRMAJĀ VIETĀ,Māris Mežals,Male,14,1115,554
Riga,Rīga,12. LATVIJA PIRMAJĀ VIETĀ,Kārlis Beļēvičs,Male,15,985,571
Riga,Rīga,12. LATVIJA PIRMAJĀ VIETĀ,Aleksandra Baranova,Female,16,1203,674
Riga,Rīga,12. LATVIJA PIRMAJĀ VIETĀ,Līga Krēmere,Female,17,962,548
Riga,Rīga,12. LATVIJA PIRMAJĀ VIETĀ,Baiba Stūrīte,Female,18,1497,569
Riga,Rīga,12. LATVIJA PIRMAJĀ VIETĀ,Kārlis Strēlis,Male,19,949,521
Riga,Rīga,12. LATVIJA PIRMAJĀ VIETĀ,Inna Burova,Female,20,1297,1454
Riga,Rīga,12. LATVIJA PIRMAJĀ VIETĀ,Mārcis Jencītis,Male,21,2632,702
Riga,Rīga,12. LATVIJA PIRMAJĀ VIETĀ,Sandris Točs,Male,22,1671,624
Riga,Rīga,12. LATVIJA PIRMAJĀ VIETĀ,Kristaps Krištopans,Male,23,2215,754
Riga,Rīga,12. LATVIJA PIRMAJĀ VIETĀ,Roberts Žemaitis,Male,24,972,522
Riga,Rīga,12. LATVIJA PIRMAJĀ VIETĀ,Jānis Pļaviņš,Male,25,1283,618
Riga,Rīga,12. LATVIJA PIRMAJĀ VIETĀ,Armands Ābelītis,Male,26,1043,485
Riga,Rīga,12. LATVIJA PIRMAJĀ VIETĀ,Mārtiņš Donga,Male,27,972,498
Riga,Rīga,12. LATVIJA PIRMAJĀ VIETĀ,Ilmārs Vecvanags,Male,28,883,487
Riga,Rīga,12. LATVIJA PIRMAJĀ VIETĀ,Henrijs Frīdenbergs,Male,29,905,508
Riga,Rīga,12. LATVIJA PIRMAJĀ VIETĀ,Guntis Bērziņš,Male,30,873,498
Riga,Rīga,12. LATVIJA PIRMAJĀ VIETĀ,Andris Petrovs,Male,31,956,514
Riga,Rīga,12. LATVIJA PIRMAJĀ VIETĀ,Armands Māliņš,Male,32,818,509
Riga,Rīga,12. LATVIJA PIRMAJĀ VIETĀ,Igors Kolesnikovs,Male,33,1150,584
Riga,Rīga,12. LATVIJA PIRMAJĀ VIETĀ,Normunds Rozenšteins,Male,34,820,528
Riga,Rīga,12. LATVIJA PIRMAJĀ VIETĀ,Juris Šaicāns,Male,35,817,524
Riga,Rīga,12. LATVIJA PIRMAJĀ VIETĀ,Mihails Parahins,Male,36,940,622
Riga,Rīga,12. LATVIJA PIRMAJĀ VIETĀ,Aivars Donskis,Male,37,756,524
Riga,Rīga,12. LATVIJA PIRMAJĀ VIETĀ,Jelizaveta Korotkova,Female,38,1197,619
Riga,Rīga,12. LATVIJA PIRMAJĀ VIETĀ,Arnolds Libeks,Male,39,1044,501
Riga,Rīga,13. Konservatīvie,Anita Muižniece,Female,1,2880,429
Riga,Rīga,13. Konservatīvie,Tālis Linkaits,Male,2,2290,487
Riga,Rīga,13. Konservatīvie,Jānis Butāns,Male,3,728,311
Riga,Rīga,13. Konservatīvie,Jānis Ozols,Male,4,679,298
Riga,Rīga,13. Konservatīvie,Linda Medne,Female,5,513,301
Riga,Rīga,13. Konservatīvie,Ieva Akuratere,Female,6,897,961
Riga,Rīga,13. Konservatīvie,Eva Mārtuža,Female,7,483,463
Riga,Rīga,13. Konservatīvie,Līva Kreituse,Female,8,444,349
Riga,Rīga,13. Konservatīvie,Ainars Bašķis,Male,9,390,354
Riga,Rīga,13. Konservatīvie,Anita Svece,Female,10,302,289
Riga,Rīga,13. Konservatīvie,Marija Balcere,Female,11,305,381
Riga,Rīga,13. Konservatīvie,Arita Ūdre,Female,12,304,269
Riga,Rīga,13. Konservatīvie,Jānis Svemps,Male,13,296,241
Riga,Rīga,13. Konservatīvie,Jānis Circens,Male,14,273,257
Riga,Rīga,13. Konservatīvie,Edmunds Griģis,Male,15,242,288
Riga,Rīga,13. Konservatīvie,Ilgvars Brakovskis,Male,16,232,267
Riga,Rīga,13. Konservatīvie,Edgars Horns,Male,17,242,285
Riga,Rīga,13. Konservatīvie,Gatis Karlsons,Male,18,224,241
Riga,Rīga,13. Konservatīvie,Arvīds Bērziņš,Male,19,229,248
Riga,Rīga,13. Konservatīvie,Ilze Zilgalve,Female,20,235,281
Riga,Rīga,13. Konservatīvie,Ģirts Astra,Male,21,272,314
Riga,Rīga,13. Konservatīvie,Ivo Skudiķis,Male,22,206,243
Riga,Rīga,13. Konservatīvie,Rodžers Miķelsons,Male,23,205,284
Riga,Rīga,13. Konservatīvie,Gunita Grīnberga,Female,24,186,241
Riga,Rīga,13. Konservatīvie,Aleksandrs Margevičs,Male,25,157,321
Riga,Rīga,13. Konservatīvie,Mārtiņš Drāke,Male,26,210,251
Riga,Rīga,13. Konservatīvie,Andris Dekants,Male,27,213,232
Riga,Rīga,13. Konservatīvie,Haralds Skrodelis,Male,28,168,239
Riga,Rīga,13. Konservatīvie,Alise Ozola,Female,29,232,260
Riga,Rīga,13. Konservatīvie,Evelīna Briška,Female,30,210,294
Riga,Rīga,13. Konservatīvie,Rolands Roze,Male,31,203,244
Riga,Rīga,13. Konservatīvie,Miķelis Strīķis,Male,32,345,311
Riga,Rīga,13. Konservatīvie,Kārlis Kavass,Male,33,188,238
Riga,Rīga,13. Konservatīvie,Rodijs Ronis,Male,34,199,318
Riga,Rīga,13. Konservatīvie,Rolands Vaļķuns,Male,35,162,268
Riga,Rīga,13. Konservatīvie,Inese Simsone,Female,36,189,316
Riga,Rīga,13. Konservatīvie,Guntis Bībers,Male,37,220,297
Riga,Rīga,13. Konservatīvie,Jurģis Īvāns,Male,38,447,253
Riga,Rīga,13. Konservatīvie,Dāvis Stalts,Male,39,867,272
Riga,Rīga,"14. Politiskā partija ""KATRAM UN KATRAI""",Aldis Gobzems,Male,1,10623,140
Riga,Rīga,"14. Politiskā partija ""KATRAM UN KATRAI""",Jānis Ronis,Male,2,1802,224
Riga,Rīga,"14. Politiskā partija ""KATRAM UN KATRAI""",Aivars Strakšas,Male,3,1486,221
Riga,Rīga,"14. Politiskā partija ""KATRAM UN KATRAI""",Gatis Greblis,Male,4,1315,245
Riga,Rīga,"14. Politiskā partija ""KATRAM UN KATRAI""",Ģirts Trekters,Male,5,1130,249
Riga,Rīga,"14. Politiskā partija ""KATRAM UN KATRAI""",Jānis Baroniņš,Male,6,1025,224
Riga,Rīga,"14. Politiskā partija ""KATRAM UN KATRAI""",Inese Rjazanceva,Female,7,1160,254
Riga,Rīga,"14. Politiskā partija ""KATRAM UN KATRAI""",Artūrs Klēbahs,Male,8,1050,219
Riga,Rīga,"14. Politiskā partija ""KATRAM UN KATRAI""",Rūdolfs Brēmanis,Male,9,1665,321
Riga,Rīga,"14. Politiskā partija ""KATRAM UN KATRAI""",Viktorija Blūma,Female,10,1035,223
Riga,Rīga,"14. Politiskā partija ""KATRAM UN KATRAI""",Jevgēnijs Čepurko,Male,11,1048,297
Riga,Rīga,"14. Politiskā partija ""KATRAM UN KATRAI""",Juna Volotovska,Female,12,884,269
Riga,Rīga,"14. Politiskā partija ""KATRAM UN KATRAI""",Ieva Matisone,Female,13,899,230
Riga,Rīga,"14. Politiskā partija ""KATRAM UN KATRAI""",Ieva Novicka,Female,14,872,241
Riga,Rīga,"14. Politiskā partija ""KATRAM UN KATRAI""",Ivars Grauds,Male,15,859,209
Riga,Rīga,"14. Politiskā partija ""KATRAM UN KATRAI""",Sanita Lemeševska,Female,16,804,233
Riga,Rīga,"14. Politiskā partija ""KATRAM UN KATRAI""",Ginta Keiša,Female,17,873,213
Riga,Rīga,"14. Politiskā partija ""KATRAM UN KATRAI""",Glens Jātnieks-Labucks,Male,18,796,219
Riga,Rīga,"14. Politiskā partija ""KATRAM UN KATRAI""",Pāvels Ignatjevs,Male,19,1041,286
Riga,Rīga,"14. Politiskā partija ""KATRAM UN KATRAI""",Kristīne Koņina,Female,20,913,233
Riga,Rīga,"14. Politiskā partija ""KATRAM UN KATRAI""",Ņina Vasjurina,Female,21,960,341
Riga,Rīga,"14. Politiskā partija ""KATRAM UN KATRAI""",Vitālijs Reinbahs,Male,22,983,284
Riga,Rīga,"14. Politiskā partija ""KATRAM UN KATRAI""",Mārtiņš Eikens,Male,23,910,209
Riga,Rīga,"14. Politiskā partija ""KATRAM UN KATRAI""",Aigars Puriņš,Male,24,799,231
Riga,Rīga,"14. Politiskā partija ""KATRAM UN KATRAI""",Vjačeslavs Surins,Male,25,866,305
Riga,Rīga,"14. Politiskā partija ""KATRAM UN KATRAI""",Ģirts Kuprijanovs,Male,26,770,225
Riga,Rīga,"14. Politiskā partija ""KATRAM UN KATRAI""",Deniss Basta,Male,27,834,266
Riga,Rīga,"14. Politiskā partija ""KATRAM UN KATRAI""",Alla Jefremova,Female,28,927,298
Riga,Rīga,"14. Politiskā partija ""KATRAM UN KATRAI""",Iveta Armuševica,Female,29,769,236
Riga,Rīga,"14. Politiskā partija ""KATRAM UN KATRAI""",Olga Paņina,Female,30,917,286
Riga,Rīga,"14. Politiskā partija ""KATRAM UN KATRAI""",Irina Bagjana,Female,31,811,275
Riga,Rīga,"14. Politiskā partija ""KATRAM UN KATRAI""",Roberts Belovs,Male,32,827,225
Riga,Rīga,"14. Politiskā partija ""KATRAM UN KATRAI""",Kamilla Nagle,Female,33,788,235
Riga,Rīga,"14. Politiskā partija ""KATRAM UN KATRAI""",Jūlija Traholisova,Female,34,859,294
Riga,Rīga,"14. Politiskā partija ""KATRAM UN KATRAI""",Vitālijs Pupiņš,Male,35,793,267
Riga,Rīga,"14. Politiskā partija ""KATRAM UN KATRAI""",Jans Vanagels,Male,36,764,238
Riga,Rīga,"14. Politiskā partija ""KATRAM UN KATRAI""",Edgars Dārznieks,Male,37,873,215
Riga,Rīga,"14. Politiskā partija ""KATRAM UN KATRAI""",Dāvids Meliņš,Male,38,785,225
Riga,Rīga,"14. Politiskā partija ""KATRAM UN KATRAI""",Normunds Matisons,Male,39,851,232
Riga,Rīga,"15. ""PROGRESĪVIE""",Antoņina Ņenaševa,Female,1,5718,2303
Riga,Rīga,"15. ""PROGRESĪVIE""",Andris Šuvajevs,Male,2,4312,739
Riga,Rīga,"15. ""PROGRESĪVIE""",Andris Sprūds,Male,3,5466,608
Riga,Rīga,"15. ""PROGRESĪVIE""",Skaidrīte Ābrama,Female,4,3635,688
Riga,Rīga,"15. ""PROGRESĪVIE""",Mairita Lūse,Female,5,3071,583
Riga,Rīga,"15. ""PROGRESĪVIE""",Edmunds Cepurītis,Male,6,3261,668
Riga,Rīga,"15. ""PROGRESĪVIE""",Edgars Labsvīrs,Male,7,2405,882
Riga,Rīga,"15. ""PROGRESĪVIE""",Agnese Logina,Female,8,2868,824
Riga,Rīga,"15. ""PROGRESĪVIE""",Māris Grāvis,Male,9,1716,567
Riga,Rīga,"15. ""PROGRESĪVIE""",Rūta Mežavilka,Female,10,1749,697
Riga,Rīga,"15. ""PROGRESĪVIE""",Jānis Meirāns,Male,11,1685,626
Riga,Rīga,"15. ""PROGRESĪVIE""",Dita Jonīte,Female,12,1447,662
Riga,Rīga,"15. ""PROGRESĪVIE""",Rasmuss Filips Geks,Male,13,1941,715
Riga,Rīga,"15. ""PROGRESĪVIE""",Ina Lenca,Female,14,1330,582
Riga,Rīga,"15. ""PROGRESĪVIE""",Mārtiņš Zvejnieks,Male,15,1447,556
Riga,Rīga,"15. ""PROGRESĪVIE""",Anna Ilze Gailīte,Female,16,1490,484
Riga,Rīga,"15. ""PROGRESĪVIE""",Aleksandrs Kalējs,Male,17,1102,682
Riga,Rīga,"15. ""PROGRESĪVIE""",Zane Sandra Tērpa,Female,18,1125,676
Riga,Rīga,"15. ""PROGRESĪVIE""",Alans Ričards Miezītis,Male,19,1329,697
Riga,Rīga,"15. ""PROGRESĪVIE""",Selma Teodora Levrence,Female,20,3618,1251
Riga,Rīga,"15. ""PROGRESĪVIE""",Āris Ādlers,Male,21,1338,499
Riga,Rīga,"15. ""PROGRESĪVIE""",Liene Linde,Female,22,1669,644
Riga,Rīga,"15. ""PROGRESĪVIE""",Igors Kļaviņš,Male,23,1194,680
Riga,Rīga,"15. ""PROGRESĪVIE""",Rita Kubuliņa,Female,24,1179,503
Riga,Rīga,"15. ""PROGRESĪVIE""",Sergejs Parvatkins,Male,25,1415,991
Riga,Rīga,"15. ""PROGRESĪVIE""",Vita Jaunbērziņa-Stīvensa,Female,26,1097,811
Riga,Rīga,"15. ""PROGRESĪVIE""",Aleksandrs Platoņenko,Male,27,1033,943
Riga,Rīga,"15. ""PROGRESĪVIE""",Laura Seļicka,Female,28,1002,724
Riga,Rīga,"15. ""PROGRESĪVIE""",Mihails Simvulidi,Male,29,1005,1004
Riga,Rīga,"15. ""PROGRESĪVIE""",Paula Zvejniece,Female,30,1384,560
Riga,Rīga,"15. ""PROGRESĪVIE""",Aleksandrs Safronovs,Male,31,1058,1051
Riga,Rīga,"15. ""PROGRESĪVIE""",Helga Nora Ozolanta,Female,32,938,717
Riga,Rīga,"15. ""PROGRESĪVIE""",Bruno Ozoliņš,Male,33,1024,671
Riga,Rīga,"15. ""PROGRESĪVIE""",Anete Biteniece,Female,34,1219,578
Riga,Rīga,"15. ""PROGRESĪVIE""",Brunis Mārtiņš Ķibilds,Male,35,1423,914
Riga,Rīga,"15. ""PROGRESĪVIE""",Vlads Dāvis Komarockis,Male,36,778,777
Riga,Rīga,"15. ""PROGRESĪVIE""",Deniss Celuiko,Male,37,948,1081
Riga,Rīga,"15. ""PROGRESĪVIE""",Reinis Ivanovs,Male,38,945,917
Riga,Rīga,"15. ""PROGRESĪVIE""",Māris Mičerevskis,Male,39,3183,1014
Riga,Rīga,16. Attīstībai/Par!,Marija Golubeva,Female,1,2765,991
Riga,Rīga,16. Attīstībai/Par!,Daniels Pavļuts,Male,2,2585,1824
Riga,Rīga,16. Attīstībai/Par!,Vita Anda Tērauda,Female,3,1196,437
Riga,Rīga,16. Attīstībai/Par!,Mārtiņš Šteins,Male,4,803,437
Riga,Rīga,16. Attīstībai/Par!,Inese Voika,Female,5,939,502
Riga,Rīga,16. Attīstībai/Par!,Krista Baumane,Female,6,732,431
Riga,Rīga,16. Attīstībai/Par!,Diāna Zande,Female,7,1231,552
Riga,Rīga,16. Attīstībai/Par!,Miks Celmiņš,Male,8,595,376
Riga,Rīga,16. Attīstībai/Par!,Laima Geikina,Female,9,581,447
Riga,Rīga,16. Attīstībai/Par!,Vladislava Marāne,Female,10,409,445
Riga,Rīga,16. Attīstībai/Par!,Oskars Kaulēns,Male,11,579,359
Riga,Rīga,16. Attīstībai/Par!,Ieva Feldmane,Female,12,526,407
Riga,Rīga,16. Attīstībai/Par!,Maija Radziņa,Female,13,434,405
Riga,Rīga,16. Attīstībai/Par!,Jēkabs Kārlis Rasnačs,Male,14,509,476
Riga,Rīga,16. Attīstībai/Par!,Linda Curika,Female,15,545,390
Riga,Rīga,16. Attīstībai/Par!,Pauls Irbins,Male,16,398,390
Riga,Rīga,16. Attīstībai/Par!,Jevgenijs Lurje,Male,17,317,569
Riga,Rīga,16. Attīstībai/Par!,Pēteris Bethers,Male,18,332,369
Riga,Rīga,16. Attīstībai/Par!,Inga Lāce,Female,19,383,390
Riga,Rīga,16. Attīstībai/Par!,Santa Ločmele,Female,20,406,395
Riga,Rīga,16. Attīstībai/Par!,Ivars Drulle,Male,21,375,412
Riga,Rīga,16. Attīstībai/Par!,Dāvis Rozītis,Male,22,310,412
Riga,Rīga,16. Attīstībai/Par!,Māris Kalējs,Male,23,277,435
Riga,Rīga,16. Attīstībai/Par!,Aija Tuvikene,Female,24,275,337
Riga,Rīga,16. Attīstībai/Par!,Artūrs Pudāns,Male,25,354,382
Riga,Rīga,16. Attīstībai/Par!,Lāsma Bindere,Female,26,319,338
Riga,Rīga,16. Attīstībai/Par!,Baiba Brice,Female,27,348,351
Riga,Rīga,16. Attīstībai/Par!,Marks Amosejevs,Male,28,338,430
Riga,Rīga,16. Attīstībai/Par!,Dace Indrika,Female,29,285,348
Riga,Rīga,16. Attīstībai/Par!,Viktors Vītums,Male,30,229,392
Riga,Rīga,16. Attīstībai/Par!,Didzis Dubovskis,Male,31,362,355
Riga,Rīga,16. Attīstībai/Par!,Raimonds Seņko,Male,32,216,449
Riga,Rīga,16. Attīstībai/Par!,Jurijs Spigins,Male,33,180,482
Riga,Rīga,16. Attīstībai/Par!,Pēteris Krastiņš,Male,34,254,348
Riga,Rīga,16. Attīstībai/Par!,Kaspars Bērziņš,Male,35,358,356
Riga,Rīga,16. Attīstībai/Par!,Agris Holšteins,Male,36,228,411
Riga,Rīga,16. Attīstībai/Par!,Ēriks Pozemkovskis,Male,37,201,443
Riga,Rīga,16. Attīstībai/Par!,Māra Ose-Kuišele,Female,38,315,360
Riga,Rīga,16. Attīstībai/Par!,Anatolijs Danilāns,Male,39,962,900
Riga,Rīga,"17. ""Apvienība Latvijai""",Jānis Riņķis,Male,1,111,70
Riga,Rīga,"17. ""Apvienība Latvijai""",Jānis Lapinskis,Male,2,73,73
Riga,Rīga,"17. ""Apvienība Latvijai""",Jānis Āboliņš,Male,3,216,45
Riga,Rīga,"17. ""Apvienība Latvijai""",Artūrs Bernis,Male,4,164,63
Riga,Rīga,"17. ""Apvienība Latvijai""",Ineta Kona,Female,5,56,56
Riga,Rīga,"17. ""Apvienība Latvijai""",Zintis Gailis,Male,6,54,46
Riga,Rīga,"17. ""Apvienība Latvijai""",Valerijs Radionovs,Male,7,44,68
Riga,Rīga,"17. ""Apvienība Latvijai""",Gvido Salinieks,Male,8,47,46
Riga,Rīga,"17. ""Apvienība Latvijai""",Jānis Vilnis,Male,9,55,46
Riga,Rīga,"17. ""Apvienība Latvijai""",Anita Lasmane,Female,10,53,47
Riga,Rīga,"17. ""Apvienība Latvijai""",Neviens Neviens,Male,11,0,0
Riga,Rīga,"17. ""Apvienība Latvijai""",Jānis Zālītis,Male,12,51,46
Riga,Rīga,"17. ""Apvienība Latvijai""",Kārlis Krūmiņš,Male,13,52,45
Riga,Rīga,"17. ""Apvienība Latvijai""",Inese Nartiša,Female,14,51,43
Riga,Rīga,"17. ""Apvienība Latvijai""",Jānis Olups-Blumanskis,Male,15,55,39
Riga,Rīga,"17. ""Apvienība Latvijai""",Sanita Giriča,Female,16,47,45
Riga,Rīga,"17. ""Apvienība Latvijai""",Kristīne Eglīte,Female,17,101,32
Riga,Rīga,"17. ""Apvienība Latvijai""",Andrējs Krūmiņš,Male,18,40,43
Riga,Rīga,"17. ""Apvienība Latvijai""",Kristīne Markus,Female,19,41,41
Riga,Rīga,"17. ""Apvienība Latvijai""",Edgars Klinsons,Male,20,40,42
Riga,Rīga,"17. ""Apvienība Latvijai""",Ināra Giriča,Female,21,39,49
Riga,Rīga,"17. ""Apvienība Latvijai""",Raimonds Kokins,Male,22,42,41
Riga,Rīga,"17. ""Apvienība Latvijai""",Dzintra Putniņa,Female,23,40,49
Riga,Rīga,"17. ""Apvienība Latvijai""",Jānis Liepa,Male,24,66,39
Riga,Rīga,"17. ""Apvienība Latvijai""",Jēkabs Āboliņš,Male,25,53,40
Riga,Rīga,"17. ""Apvienība Latvijai""",Žaks Beernaerts,Male,26,64,42
Riga,Rīga,"17. ""Apvienība Latvijai""",Artjoms Prohorenko,Male,27,41,62
Riga,Rīga,"17. ""Apvienība Latvijai""",Krišjānis Papiņš,Male,28,69,40
Riga,Rīga,"18. ""APVIENOTAIS SARAKSTS - Latvijas Zaļā partija, Latvijas Reģionu Apvienība, Liepājas partija""",Didzis Šmits,Male,1,4061,1752
Riga,Rīga,"18. ""APVIENOTAIS SARAKSTS - Latvijas Zaļā partija, Latvijas Reģionu Apvienība, Liepājas partija""",Ilze Ortveina,Female,2,1437,999
Riga,Rīga,"18. ""APVIENOTAIS SARAKSTS - Latvijas Zaļā partija, Latvijas Reģionu Apvienība, Liepājas partija""",Igors Rajevs,Male,3,4887,1128
Riga,Rīga,"18. ""APVIENOTAIS SARAKSTS - Latvijas Zaļā partija, Latvijas Reģionu Apvienība, Liepājas partija""",Andris Kulbergs,Male,4,2919,826
Riga,Rīga,"18. ""APVIENOTAIS SARAKSTS - Latvijas Zaļā partija, Latvijas Reģionu Apvienība, Liepājas partija""",Edgars Štelmahers,Male,5,1299,860
Riga,Rīga,"18. ""APVIENOTAIS SARAKSTS - Latvijas Zaļā partija, Latvijas Reģionu Apvienība, Liepājas partija""",Artis Velšs,Male,6,1428,807
Riga,Rīga,"18. ""APVIENOTAIS SARAKSTS - Latvijas Zaļā partija, Latvijas Reģionu Apvienība, Liepājas partija""",Aivars Straume,Male,7,793,864
Riga,Rīga,"18. ""APVIENOTAIS SARAKSTS - Latvijas Zaļā partija, Latvijas Reģionu Apvienība, Liepājas partija""",Ieva Brante,Female,8,2580,1850
Riga,Rīga,"18. ""APVIENOTAIS SARAKSTS - Latvijas Zaļā partija, Latvijas Reģionu Apvienība, Liepājas partija""",Jana Muižniece,Female,9,723,776
Riga,Rīga,"18. ""APVIENOTAIS SARAKSTS - Latvijas Zaļā partija, Latvijas Reģionu Apvienība, Liepājas partija""",Jānis Liepiņš,Male,10,613,804
Riga,Rīga,"18. ""APVIENOTAIS SARAKSTS - Latvijas Zaļā partija, Latvijas Reģionu Apvienība, Liepājas partija""",Lauris Lizbovskis,Male,11,1946,1107
Riga,Rīga,"18. ""APVIENOTAIS SARAKSTS - Latvijas Zaļā partija, Latvijas Reģionu Apvienība, Liepājas partija""",Gatis Blumbahs,Male,12,509,713
Riga,Rīga,"18. ""APVIENOTAIS SARAKSTS - Latvijas Zaļā partija, Latvijas Reģionu Apvienība, Liepājas partija""",Guntars Vītols,Male,13,603,649
Riga,Rīga,"18. ""APVIENOTAIS SARAKSTS - Latvijas Zaļā partija, Latvijas Reģionu Apvienība, Liepājas partija""",Oksana Sičko,Female,14,467,965
Riga,Rīga,"18. ""APVIENOTAIS SARAKSTS - Latvijas Zaļā partija, Latvijas Reģionu Apvienība, Liepājas partija""",Armands Krūze,Male,15,686,764
Riga,Rīga,"18. ""APVIENOTAIS SARAKSTS - Latvijas Zaļā partija, Latvijas Reģionu Apvienība, Liepājas partija""",Viesturs Silenieks,Male,16,1104,1086
Riga,Rīga,"18. ""APVIENOTAIS SARAKSTS - Latvijas Zaļā partija, Latvijas Reģionu Apvienība, Liepājas partija""",Dace Rolava,Female,17,607,876
Riga,Rīga,"18. ""APVIENOTAIS SARAKSTS - Latvijas Zaļā partija, Latvijas Reģionu Apvienība, Liepājas partija""",Kārlis Knēziņš,Male,18,517,672
Riga,Rīga,"18. ""APVIENOTAIS SARAKSTS - Latvijas Zaļā partija, Latvijas Reģionu Apvienība, Liepājas partija""",Oskars Reiters,Male,19,494,764
Riga,Rīga,"18. ""APVIENOTAIS SARAKSTS - Latvijas Zaļā partija, Latvijas Reģionu Apvienība, Liepājas partija""",Jānis Grasis,Male,20,731,646
Riga,Rīga,"18. ""APVIENOTAIS SARAKSTS - Latvijas Zaļā partija, Latvijas Reģionu Apvienība, Liepājas partija""",Kaspars Bergmanis,Male,21,1303,856
Riga,Rīga,"18. ""APVIENOTAIS SARAKSTS - Latvijas Zaļā partija, Latvijas Reģionu Apvienība, Liepājas partija""",Ulrika Naumova,Female,22,435,835
Riga,Rīga,"18. ""APVIENOTAIS SARAKSTS - Latvijas Zaļā partija, Latvijas Reģionu Apvienība, Liepājas partija""",Vairis Nartišs,Male,23,423,758
Riga,Rīga,"18. ""APVIENOTAIS SARAKSTS - Latvijas Zaļā partija, Latvijas Reģionu Apvienība, Liepājas partija""",Aigars Evardsons,Male,24,455,744
Riga,Rīga,"18. ""APVIENOTAIS SARAKSTS - Latvijas Zaļā partija, Latvijas Reģionu Apvienība, Liepājas partija""",Alise Tomiņa-Kaščejeva,Female,25,401,865
Riga,Rīga,"18. ""APVIENOTAIS SARAKSTS - Latvijas Zaļā partija, Latvijas Reģionu Apvienība, Liepājas partija""",Elita Ernestīne Kazaine,Female,26,387,761
Riga,Rīga,"18. ""APVIENOTAIS SARAKSTS - Latvijas Zaļā partija, Latvijas Reģionu Apvienība, Liepājas partija""",Jānis Stērninieks,Male,27,440,666
Riga,Rīga,"18. ""APVIENOTAIS SARAKSTS - Latvijas Zaļā partija, Latvijas Reģionu Apvienība, Liepājas partija""",Deņiss Meļņiks,Male,28,417,925
Riga,Rīga,"18. ""APVIENOTAIS SARAKSTS - Latvijas Zaļā partija, Latvijas Reģionu Apvienība, Liepājas partija""",Mārtiņš Toms Staks,Male,29,426,757
Riga,Rīga,"18. ""APVIENOTAIS SARAKSTS - Latvijas Zaļā partija, Latvijas Reģionu Apvienība, Liepājas partija""",Matīss Kempe,Male,30,560,706
Riga,Rīga,"18. ""APVIENOTAIS SARAKSTS - Latvijas Zaļā partija, Latvijas Reģionu Apvienība, Liepājas partija""",Elita Kalniņa,Female,31,404,852
Riga,Rīga,"18. ""APVIENOTAIS SARAKSTS - Latvijas Zaļā partija, Latvijas Reģionu Apvienība, Liepājas partija""",Renārs Putniņš,Male,32,631,673
Riga,Rīga,"18. ""APVIENOTAIS SARAKSTS - Latvijas Zaļā partija, Latvijas Reģionu Apvienība, Liepājas partija""",Ivars Jakovels,Male,33,393,770
Riga,Rīga,"18. ""APVIENOTAIS SARAKSTS - Latvijas Zaļā partija, Latvijas Reģionu Apvienība, Liepājas partija""",Airisa Šteinberga,Female,34,440,691
Riga,Rīga,"18. ""APVIENOTAIS SARAKSTS - Latvijas Zaļā partija, Latvijas Reģionu Apvienība, Liepājas partija""",Rita Krinberga,Female,35,420,711
Riga,Rīga,"18. ""APVIENOTAIS SARAKSTS - Latvijas Zaļā partija, Latvijas Reģionu Apvienība, Liepājas partija""",Modris Kempe,Male,36,458,834
Riga,Rīga,"18. ""APVIENOTAIS SARAKSTS - Latvijas Zaļā partija, Latvijas Reģionu Apvienība, Liepājas partija""",Ieva Jākobsone-Bellomi,Female,37,530,775
Riga,Rīga,"18. ""APVIENOTAIS SARAKSTS - Latvijas Zaļā partija, Latvijas Reģionu Apvienība, Liepājas partija""",Gatis Gūtmanis,Male,38,456,739
Riga,Rīga,"18. ""APVIENOTAIS SARAKSTS - Latvijas Zaļā partija, Latvijas Reģionu Apvienība, Liepājas partija""",Dēvijs Elnionis,Male,39,481,872
Riga,Rīga,"19. Politiskā partija ""Republika""",Sandis Ģirģens,Male,1,2649,109
Riga,Rīga,"19. Politiskā partija ""Republika""",Sabīne Ulberte,Female,2,435,179
Riga,Rīga,"19. Politiskā partija ""Republika""",Mārtiņš Krusts,Male,3,609,133
Riga,Rīga,"19. Politiskā partija ""Republika""",Ēriks Treļs,Male,4,503,125
Riga,Rīga,"19. Politiskā partija ""Republika""",Edgars Putniņš,Male,5,311,161
Riga,Rīga,"19. Politiskā partija ""Republika""",Aija Nagle,Female,6,336,145
Riga,Rīga,"19. Politiskā partija ""Republika""",Aivars Saulītis,Male,7,247,152
Riga,Rīga,"19. Politiskā partija ""Republika""",Mārtiņš Staģītis,Male,8,279,122
Riga,Rīga,"19. Politiskā partija ""Republika""",Viktorija Malgoždarova,Female,9,244,205
Riga,Rīga,"19. Politiskā partija ""Republika""",Staņislavs Miļutikovs,Male,10,221,231
Riga,Rīga,"19. Politiskā partija ""Republika""",Māris Geidāns,Male,11,279,139
Riga,Rīga,"19. Politiskā partija ""Republika""",Anžela Lužnova,Female,12,215,205
Riga,Rīga,"19. Politiskā partija ""Republika""",Sigita Pauliņa,Female,13,236,155
Riga,Rīga,"19. Politiskā partija ""Republika""",Aija Gudza,Female,14,224,130
Riga,Rīga,"19. Politiskā partija ""Republika""",Linda Valaine-Rohņana,Female,15,217,146
Riga,Rīga,"19. Politiskā partija ""Republika""",Andris Grīnbergs,Male,16,248,124
Riga,Rīga,"19. Politiskā partija ""Republika""",Inna Miļutikova,Female,17,200,182
Riga,Rīga,"19. Politiskā partija ""Republika""",Juris Keišs,Male,18,281,133
Riga,Rīga,"19. Politiskā partija ""Republika""",Guntars Didenko,Male,19,209,138
Riga,Rīga,"19. Politiskā partija ""Republika""",Viktors Duks,Male,20,215,141
Riga,Rīga,"19. Politiskā partija ""Republika""",Nadežda Puzanova,Female,21,217,238
Riga,Rīga,"19. Politiskā partija ""Republika""",Karīna Voļska,Female,22,220,157
Riga,Rīga,"19. Politiskā partija ""Republika""",Adrians Žerebcovs,Male,23,184,208
Riga,Rīga,"19. Politiskā partija ""Republika""",Sarmīte Sparāne,Female,24,208,153
Riga,Rīga,"19. Politiskā partija ""Republika""",Andris Benjamiņš,Male,25,239,152
Riga,Rīga,"19. Politiskā partija ""Republika""",Leonīds Stepanovs,Male,26,222,182
Riga,Rīga,"19. Politiskā partija ""Republika""",Jānis Strazdiņš,Male,27,237,117
Riga,Rīga,"19. Politiskā partija ""Republika""",Māris Šenne,Male,28,201,120
Riga,Rīga,"19. Politiskā partija ""Republika""",Margarita Liņģe,Female,29,202,133
Riga,Rīga,"19. Politiskā partija ""Republika""",Alevtina Korņilova,Female,30,186,197
Riga,Rīga,"19. Politiskā partija ""Republika""",Inga Mackeviča,Female,31,203,134
Riga,Rīga,"19. Politiskā partija ""Republika""",Uldis Klaušs,Male,32,202,135
Riga,Rīga,"19. Politiskā partija ""Republika""",Evita Tripka,Female,33,190,136
Riga,Rīga,"19. Politiskā partija ""Republika""",Anna Kļaviņa,Female,34,213,141
Riga,Rīga,"19. Politiskā partija ""Republika""",Angela Helvētija Mežaka,Female,35,190,152
Riga,Rīga,"19. Politiskā partija ""Republika""",Andris Prutāns,Male,36,211,120
Riga,Rīga,"19. Politiskā partija ""Republika""",Armands Šteinbergs,Male,37,236,125
Riga,Rīga,"19. Politiskā partija ""Republika""",Iveta Pucena,Female,38,234,136
Riga,Rīga,"19. Politiskā partija ""Republika""",Armands Kruglaužs,Male,39,217,152
