Saraksts,Partija,OldNumurs,Ievelets,Vards,Gender,Apgabals,Numurs,Ievelets
1,"""Latvijas attīstībai""",1,false,Agris Akulovs,Male,Kurzeme,7,false
1,"""Latvijas attīstībai""",2,false,Inese Albova,Female,Vidzeme,23,false
1,"""Latvijas attīstībai""",3,false,Ineta Atgāze,Female,Riga,22,false
1,"""Latvijas attīstībai""",4,false,Ģirts Auškāps,Male,Riga,7,false
1,"""Latvijas attīstībai""",5,false,Andris Bačkurs,Male,Riga,4,false
1,"""Latvijas attīstībai""",6,false,Zane Baltgaile,Female,Riga,6,false
1,"""Latvijas attīstībai""",7,false,Erlends Baļķens,Male,Vidzeme,9,false
1,"""Latvijas attīstībai""",8,false,Māris Beķers,Male,Zemgale,8,false
1,"""Latvijas attīstībai""",9,false,Artūrs Bergholcs,Male,Vidzeme,10,false
1,"""Latvijas attīstībai""",10,false,Ralfs Birķis,Male,Riga,5,false
1,"""Latvijas attīstībai""",11,false,Ģirts Bite,Male,Riga,15,false
1,"""Latvijas attīstībai""",12,false,Liene Blūma,Female,Riga,12,false
1,"""Latvijas attīstībai""",13,false,Aleksejs Bočarovs,Male,Latgale,8,false
1,"""Latvijas attīstībai""",14,false,Kaspars Bucis,Male,Kurzeme,5,false
1,"""Latvijas attīstībai""",15,false,Artūrs Bušs,Male,Riga,13,false
1,"""Latvijas attīstībai""",16,false,Liene Cakare,Female,Riga,2,false
1,"""Latvijas attīstībai""",17,false,Edgars Ciblis,Male,Latgale,14,false
1,"""Latvijas attīstībai""",18,false,Uldis Ciekurs,Male,Vidzeme,7,false
1,"""Latvijas attīstībai""",19,false,Iveta Ciganova,Female,Kurzeme,4,false
1,"""Latvijas attīstībai""",20,false,Viola Daniela,Female,Vidzeme,17,false
1,"""Latvijas attīstībai""",21,false,Inese Drone,Female,Riga,10,false
1,"""Latvijas attīstībai""",22,false,Pēteris Eimanis,Male,Vidzeme,19,false
1,"""Latvijas attīstībai""",23,false,Naira Frijāre,Female,Zemgale,7,false
1,"""Latvijas attīstībai""",24,false,Baiba Fromane,Female,Vidzeme,2,false
1,"""Latvijas attīstībai""",25,false,Olga Geitus-Eitvina,Female,Latgale,3,false
1,"""Latvijas attīstībai""",26,false,Izolde Glavāne,Female,Vidzeme,12,false
1,"""Latvijas attīstībai""",27,false,Raivis Grandāns,Male,Zemgale,9,false
1,"""Latvijas attīstībai""",28,false,Mārtiņš Grīnbergs,Male,Riga,25,false
1,"""Latvijas attīstībai""",29,false,Arvīds Grīnfelds,Male,Vidzeme,6,false
1,"""Latvijas attīstībai""",30,false,Ilmārs Gruduls,Male,Riga,28,false
1,"""Latvijas attīstībai""",31,false,Jana Hermane,Female,Vidzeme,20,false
1,"""Latvijas attīstībai""",32,false,Oskars Ikstens,Male,Latgale,5,false
1,"""Latvijas attīstībai""",33,false,Emīls Jakrins,Male,Vidzeme,3,false
1,"""Latvijas attīstībai""",34,false,Ineta Jansone,Female,Riga,11,false
1,"""Latvijas attīstībai""",35,false,Jūlija Jaunrodziņa,Female,Latgale,6,false
1,"""Latvijas attīstībai""",36,false,Edgars Jaunups,Male,Latgale,1,false
1,"""Latvijas attīstībai""",37,false,Vladimirs Jefimovs,Male,Riga,24,false
1,"""Latvijas attīstībai""",38,false,Mihails Juhņevičs,Male,Latgale,11,false
1,"""Latvijas attīstībai""",39,false,Edgars Kalējs,Male,Riga,14,false
1,"""Latvijas attīstībai""",40,false,Ainārs Kalniņš,Male,Riga,21,false
1,"""Latvijas attīstībai""",41,false,Andris Kārkliņš,Male,Vidzeme,18,false
1,"""Latvijas attīstībai""",42,false,Gunita Keiriša,Female,Vidzeme,21,false
1,"""Latvijas attīstībai""",43,false,Dace Kizino,Female,Vidzeme,4,false
1,"""Latvijas attīstībai""",44,false,Toms Krastenbergs,Male,Zemgale,13,false
1,"""Latvijas attīstībai""",45,false,Ēriks Kumerdanks,Male,Riga,18,false
1,"""Latvijas attīstībai""",46,false,Visvaldis Kursītis,Male,Latgale,9,false
1,"""Latvijas attīstībai""",47,false,Kristaps Laipnieks,Male,Riga,19,false
1,"""Latvijas attīstībai""",48,false,Inga Lamstere,Female,Vidzeme,11,false
1,"""Latvijas attīstībai""",49,false,Vadims Lapins,Male,Vidzeme,26,false
1,"""Latvijas attīstībai""",50,false,Ilze Latiša,Female,Latgale,7,false
1,"""Latvijas attīstībai""",51,false,Viesturs Liepkalns,Male,Riga,26,false
1,"""Latvijas attīstībai""",52,false,Miks Lormanis,Male,Kurzeme,6,false
1,"""Latvijas attīstībai""",53,false,Santa Markauska,Female,Kurzeme,10,false
1,"""Latvijas attīstībai""",54,false,Kristīne Mirzahanjana,Female,Riga,23,false
1,"""Latvijas attīstībai""",55,false,Vladimirs Mišins,Male,Riga,32,false
1,"""Latvijas attīstībai""",56,false,Zane Muceniece,Female,Zemgale,14,false
1,"""Latvijas attīstībai""",57,false,Nelda Otvare,Female,Riga,29,false
1,"""Latvijas attīstībai""",58,false,Arta Pirktiņa,Female,Riga,17,false
1,"""Latvijas attīstībai""",59,false,Uldis Pirktiņš,Male,Kurzeme,3,false
1,"""Latvijas attīstībai""",60,false,Rihards Pīks,Male,Kurzeme,1,false
1,"""Latvijas attīstībai""",61,false,Artūrs Toms Plešs,Male,Zemgale,6,false
1,"""Latvijas attīstībai""",62,false,Rolands Pogulis,Male,Riga,16,false
1,"""Latvijas attīstībai""",63,false,Laila Pole,Female,Zemgale,4,false
1,"""Latvijas attīstībai""",64,false,Iveta Preisa-Imaka,Female,Vidzeme,14,false
1,"""Latvijas attīstībai""",65,false,Agris Punculs,Male,Latgale,2,false
1,"""Latvijas attīstībai""",66,false,Juris Pūce,Male,Riga,1,false
1,"""Latvijas attīstībai""",67,false,Andris Radelis,Male,Kurzeme,12,false
1,"""Latvijas attīstībai""",68,false,Einars Repše,Male,Vidzeme,1,false
1,"""Latvijas attīstībai""",69,false,Vladimirs Reskājs,Male,Zemgale,1,false
1,"""Latvijas attīstībai""",70,false,Juris Rieksts-Riekstiņš,Male,Vidzeme,25,false
1,"""Latvijas attīstībai""",71,false,Antra Roskoša,Female,Riga,8,false
1,"""Latvijas attīstībai""",72,false,Mārtiņš Roze,Male,Riga,30,false
1,"""Latvijas attīstībai""",73,false,Aija Rozena,Female,Vidzeme,16,false
1,"""Latvijas attīstībai""",74,false,Dzintars Rozens,Male,Vidzeme,15,false
1,"""Latvijas attīstībai""",75,false,Ilga Sitale,Female,Riga,31,false
1,"""Latvijas attīstībai""",76,false,Renārs Smoļaks,Male,Riga,20,false
1,"""Latvijas attīstībai""",77,false,Pauls Sondors,Male,Vidzeme,8,false
1,"""Latvijas attīstībai""",78,false,Elita Sproģe,Female,Zemgale,3,false
1,"""Latvijas attīstībai""",79,false,Ieva Strongina,Female,Vidzeme,24,false
1,"""Latvijas attīstībai""",80,false,Eduards Sūniņš,Male,Vidzeme,5,false
1,"""Latvijas attīstībai""",81,false,Agnija Šankova,Female,Kurzeme,9,false
1,"""Latvijas attīstībai""",82,false,Juris Šmits,Male,Kurzeme,8,false
1,"""Latvijas attīstībai""",83,false,Rūdolfs Šnepsts,Male,Kurzeme,11,false
1,"""Latvijas attīstībai""",84,false,Toms Šubrovskis,Male,Latgale,10,false
1,"""Latvijas attīstībai""",85,false,Zane Šūmakere,Female,Zemgale,5,false
1,"""Latvijas attīstībai""",86,false,Raitis Tukāns,Male,Latgale,15,false
1,"""Latvijas attīstībai""",87,false,Vilnis Tukums,Male,Kurzeme,13,false
1,"""Latvijas attīstībai""",88,false,Edgars Upenieks,Male,Zemgale,12,false
1,"""Latvijas attīstībai""",89,false,Mārtiņš Vadzis,Male,Zemgale,2,false
1,"""Latvijas attīstībai""",90,false,Sabīne Vārtiņa,Female,Vidzeme,22,false
1,"""Latvijas attīstībai""",91,false,Ksenija Vēze-Veise,Female,Zemgale,11,false
1,"""Latvijas attīstībai""",92,false,Armands Vijups,Male,Vidzeme,13,false
1,"""Latvijas attīstībai""",93,false,Aiva Vilcāne,Female,Kurzeme,2,false
1,"""Latvijas attīstībai""",94,false,Rasma Zaharenko,Female,Latgale,4,false
1,"""Latvijas attīstībai""",95,false,Kristaps Zaharkevičs,Male,Riga,27,false
1,"""Latvijas attīstībai""",96,false,Iveta Zalpētere,Female,Riga,3,false
1,"""Latvijas attīstībai""",97,false,Edgars Zandmanis,Male,Latgale,13,false
1,"""Latvijas attīstībai""",98,false,Vilis Zilgalvis,Male,Latgale,12,false
1,"""Latvijas attīstībai""",99,false,Armands Zivtiņš,Male,Riga,9,false
1,"""Latvijas attīstībai""",100,false,Linda Žukovska,Female,Zemgale,10,false
2,"""SUVERENITĀTE""",1,false,Ilvars Barkāns,Male,Latgale,9,false
2,"""SUVERENITĀTE""",2,false,Māris Barkāns,Male,Riga,13,false
2,"""SUVERENITĀTE""",3,false,Jānis Cīrulis,Male,Vidzeme,8,false
2,"""SUVERENITĀTE""",4,false,Dmitrijs Dēliņš,Male,Kurzeme,5,false
2,"""SUVERENITĀTE""",5,false,Ivans Feščenko,Male,Latgale,7,false
2,"""SUVERENITĀTE""",6,false,Artis Freibergs,Male,Vidzeme,3,false
2,"""SUVERENITĀTE""",7,false,Sergejs Golodņikovs,Male,Riga,12,false
2,"""SUVERENITĀTE""",8,false,Dainis Grabovskis,Male,Zemgale,1,false
2,"""SUVERENITĀTE""",9,false,Sigurds Graudiņš,Male,Zemgale,4,false
2,"""SUVERENITĀTE""",10,false,Inga Gutberga,Female,Riga,4,false
2,"""SUVERENITĀTE""",11,false,Aleksandrs Kačalkins,Male,Zemgale,3,false
2,"""SUVERENITĀTE""",12,false,Jeļena Kantāne,Female,Riga,6,false
2,"""SUVERENITĀTE""",13,false,Zane Lejniece-Puķe,Female,Vidzeme,6,false
2,"""SUVERENITĀTE""",14,false,Raimonds Lejnieks-Puķe,Male,Zemgale,2,false
2,"""SUVERENITĀTE""",15,false,Andrejs Nikoļskis,Male,Riga,8,false
2,"""SUVERENITĀTE""",16,false,Andris Orols,Male,Riga,1,false
2,"""SUVERENITĀTE""",17,false,Ingars Pētersons,Male,Latgale,2,false
2,"""SUVERENITĀTE""",18,false,Edgars Poika,Male,Riga,9,false
2,"""SUVERENITĀTE""",19,false,Aleksandrs Poika,Male,Vidzeme,4,false
2,"""SUVERENITĀTE""",20,false,Tatjana Popova,Female,Kurzeme,4,false
2,"""SUVERENITĀTE""",21,false,Artūrs Ratnieks,Male,Riga,3,false
2,"""SUVERENITĀTE""",22,false,Žanna Redzoba,Female,Zemgale,5,false
2,"""SUVERENITĀTE""",23,false,Kaspars Savickis,Male,Riga,11,false
2,"""SUVERENITĀTE""",24,false,Uldis Sēne,Male,Kurzeme,3,false
2,"""SUVERENITĀTE""",25,false,Artis Silavnieks,Male,Riga,10,false
2,"""SUVERENITĀTE""",26,false,Aleksandra Siliniece,Female,Latgale,4,false
2,"""SUVERENITĀTE""",27,false,Aivars Silinieks,Male,Riga,2,false
2,"""SUVERENITĀTE""",28,false,Georgijs Sokolovskis,Male,Vidzeme,9,false
2,"""SUVERENITĀTE""",29,false,Lita Sproģe,Female,Kurzeme,2,false
2,"""SUVERENITĀTE""",30,false,Ēvalds Staris,Male,Latgale,6,false
2,"""SUVERENITĀTE""",31,false,Maira Stumbre,Female,Riga,7,false
2,"""SUVERENITĀTE""",32,false,Agris Sūna,Male,Vidzeme,2,false
2,"""SUVERENITĀTE""",33,false,Armands Šenbergs,Male,Riga,5,false
2,"""SUVERENITĀTE""",34,false,Kristīne Ševeļova,Female,Zemgale,6,false
2,"""SUVERENITĀTE""",35,false,Jevgēnijs Šuļga,Male,Latgale,5,false
2,"""SUVERENITĀTE""",36,false,Ēriks Trukšāns,Male,Latgale,8,false
2,"""SUVERENITĀTE""",37,false,Dmitrijs Usins,Male,Latgale,1,false
2,"""SUVERENITĀTE""",38,false,Kaspars Vainovskis,Male,Vidzeme,7,false
2,"""SUVERENITĀTE""",39,false,Andrejs Vasiļjevs,Male,Latgale,3,false
2,"""SUVERENITĀTE""",40,false,Guntra Vīksna,Female,Vidzeme,1,false
2,"""SUVERENITĀTE""",41,false,Normunds Vīrs,Male,Kurzeme,1,false
2,"""SUVERENITĀTE""",42,false,Andžejs Zdanovičs,Male,Riga,14,false
2,"""SUVERENITĀTE""",43,false,Jūlija Ždanova,Female,Vidzeme,5,false
3,"""Brīvība. Brīvs no bailēm, naida un dusmām""",1,false,Anrijs Aumalis,Male,Riga,1,false
3,"""Brīvība. Brīvs no bailēm, naida un dusmām""",2,false,Dace Brimerberga,Female,Zemgale,1,false
3,"""Brīvība. Brīvs no bailēm, naida un dusmām""",3,false,Jeļena Gerasimova,Female,Riga,3,false
3,"""Brīvība. Brīvs no bailēm, naida un dusmām""",4,false,Ilva Ivaska,Female,Kurzeme,4,false
3,"""Brīvība. Brīvs no bailēm, naida un dusmām""",5,false,Ieva Kantmane,Female,Vidzeme,1,false
3,"""Brīvība. Brīvs no bailēm, naida un dusmām""",6,false,Baiba Kņūta,Female,Zemgale,2,false
3,"""Brīvība. Brīvs no bailēm, naida un dusmām""",7,false,Vika Koha,Female,Vidzeme,2,false
3,"""Brīvība. Brīvs no bailēm, naida un dusmām""",8,false,Marita Koha,Female,Zemgale,4,false
3,"""Brīvība. Brīvs no bailēm, naida un dusmām""",9,false,Taiga Lasmane,Female,Kurzeme,1,false
3,"""Brīvība. Brīvs no bailēm, naida un dusmām""",10,false,Kaspars Lazdāns,Male,Latgale,1,false
3,"""Brīvība. Brīvs no bailēm, naida un dusmām""",11,false,Anna Naumova,Female,Zemgale,3,false
3,"""Brīvība. Brīvs no bailēm, naida un dusmām""",12,false,Vizma Petrēvica,Female,Kurzeme,3,false
3,"""Brīvība. Brīvs no bailēm, naida un dusmām""",13,false,Baiba Stepanova,Female,Riga,4,false
3,"""Brīvība. Brīvs no bailēm, naida un dusmām""",14,false,Līga Šalma,Female,Latgale,2,false
3,"""Brīvība. Brīvs no bailēm, naida un dusmām""",15,false,Vilnis Šlars,Male,Riga,2,false
3,"""Brīvība. Brīvs no bailēm, naida un dusmām""",16,false,Dina Šulca,Female,Vidzeme,3,false
3,"""Brīvība. Brīvs no bailēm, naida un dusmām""",17,false,Vēsma Švinberga,Female,Kurzeme,5,false
3,"""Brīvība. Brīvs no bailēm, naida un dusmām""",18,false,Antra Treide,Female,Kurzeme,2,false
4,"Partija ""VIENOTĪBA""",1,false,Hosams Abu Meri,Male,Riga,17,false
4,"Partija ""VIENOTĪBA""",2,true,Aldis Adamovičs,Male,Latgale,2,true
4,"Partija ""VIENOTĪBA""",3,false,Arvils Ašeradens,Male,Vidzeme,8,false
4,"Partija ""VIENOTĪBA""",4,false,Solvita Āboltiņa,Female,Kurzeme,1,false
4,"Partija ""VIENOTĪBA""",5,false,Alis Balbārzdis,Male,Vidzeme,25,false
4,"Partija ""VIENOTĪBA""",6,false,Edvīns Bartkevičs,Male,Vidzeme,10,false
4,"Partija ""VIENOTĪBA""",7,false,Lita Beire,Female,Riga,21,false
4,"Partija ""VIENOTĪBA""",8,false,Zigfrīds Berezovskis,Male,Riga,30,false
4,"Partija ""VIENOTĪBA""",9,false,Aivars Bernāns,Male,Latgale,15,false
4,"Partija ""VIENOTĪBA""",10,false,Iveta Blaua,Female,Vidzeme,19,false
4,"Partija ""VIENOTĪBA""",11,true,Inesis Boķis,Male,Vidzeme,2,true
4,"Partija ""VIENOTĪBA""",12,false,Aivars Broks,Male,Latgale,4,false
4,"Partija ""VIENOTĪBA""",13,false,Anna Buša,Female,Riga,22,false
4,"Partija ""VIENOTĪBA""",14,false,Krišjānis Bušs,Male,Zemgale,8,false
4,"Partija ""VIENOTĪBA""",15,false,Guntis Būmeisters,Male,Kurzeme,13,false
4,"Partija ""VIENOTĪBA""",16,true,Lolita Čigāne,Female,Riga,4,true
4,"Partija ""VIENOTĪBA""",17,false,Raimonds Čudars,Male,Vidzeme,11,false
4,"Partija ""VIENOTĪBA""",18,false,Guntis Čukurs,Male,Kurzeme,14,false
4,"Partija ""VIENOTĪBA""",19,true,Ints Dālderis,Male,Kurzeme,2,true
4,"Partija ""VIENOTĪBA""",20,false,Vjačeslavs Dombrovskis,Male,Zemgale,3,false
4,"Partija ""VIENOTĪBA""",21,false,Vilnis Dragunas,Male,Kurzeme,11,false
4,"Partija ""VIENOTĪBA""",22,false,Ina Druviete,Female,Vidzeme,6,false
4,"Partija ""VIENOTĪBA""",23,false,Edgars Engīzers,Male,Riga,8,false
4,"Partija ""VIENOTĪBA""",24,false,Kārlis Eņģelis,Male,Riga,16,false
4,"Partija ""VIENOTĪBA""",25,false,Sarmīte Ēlerte,Female,Riga,10,false
4,"Partija ""VIENOTĪBA""",26,false,Renārs Freibergs,Male,Vidzeme,22,false
4,"Partija ""VIENOTĪBA""",27,false,Valdis Gavars,Male,Riga,13,false
4,"Partija ""VIENOTĪBA""",28,false,Dmitrijs Golubevs,Male,Riga,31,false
4,"Partija ""VIENOTĪBA""",29,false,Guntis Grūba,Male,Vidzeme,27,false
4,"Partija ""VIENOTĪBA""",30,false,Artis Gustovskis,Male,Kurzeme,6,false
4,"Partija ""VIENOTĪBA""",31,false,Astrīda Harju,Female,Vidzeme,17,false
4,"Partija ""VIENOTĪBA""",32,false,Bierants Ignāts,Male,Riga,27,false
4,"Partija ""VIENOTĪBA""",33,false,Edgars Ikstens,Male,Kurzeme,8,false
4,"Partija ""VIENOTĪBA""",34,false,Kārlis Irbe,Male,Riga,33,false
4,"Partija ""VIENOTĪBA""",35,false,Pauls Irbins,Male,Vidzeme,18,false
4,"Partija ""VIENOTĪBA""",36,false,Jāzeps Janiševs,Male,Vidzeme,28,false
4,"Partija ""VIENOTĪBA""",37,false,Nils Josts,Male,Riga,23,false
4,"Partija ""VIENOTĪBA""",38,true,Andrejs Judins,Male,Riga,5,true
4,"Partija ""VIENOTĪBA""",39,true,Jānis Junkurs,Male,Kurzeme,10,true
4,"Partija ""VIENOTĪBA""",40,false,Roberts Jurķis,Male,Vidzeme,21,false
4,"Partija ""VIENOTĪBA""",41,false,Inese Kalniņa,Female,Riga,19,false
4,"Partija ""VIENOTĪBA""",42,false,Zanda Kalniņa-Lukaševica,Female,Vidzeme,4,false
4,"Partija ""VIENOTĪBA""",43,true,Ojārs Ēriks Kalniņš,Male,Riga,2,true
4,"Partija ""VIENOTĪBA""",44,false,Dace Kļaviņa,Female,Vidzeme,26,false
4,"Partija ""VIENOTĪBA""",45,false,Evija Kolberga,Female,Riga,20,false
4,"Partija ""VIENOTĪBA""",46,false,Uldis Kolužs,Male,Zemgale,12,false
4,"Partija ""VIENOTĪBA""",47,false,Karina Korna,Female,Kurzeme,4,false
4,"Partija ""VIENOTĪBA""",48,true,Rihards Kozlovskis,Male,Riga,6,true
4,"Partija ""VIENOTĪBA""",49,false,Jānis Kupris,Male,Latgale,16,false
4,"Partija ""VIENOTĪBA""",50,false,Janīna Kursīte,Female,Latgale,8,false
4,"Partija ""VIENOTĪBA""",51,false,Sarmīte Ķikuste,Female,Latgale,7,false
4,"Partija ""VIENOTĪBA""",52,true,Vilnis Ķirsis,Male,Vidzeme,12,true
4,"Partija ""VIENOTĪBA""",53,false,Madars Lasmanis,Male,Zemgale,14,false
4,"Partija ""VIENOTĪBA""",54,true,Ainars Latkovskis,Male,Vidzeme,3,true
4,"Partija ""VIENOTĪBA""",55,false,Jānis Lazdāns,Male,Riga,24,false
4,"Partija ""VIENOTĪBA""",56,true,Atis Lejiņš,Male,Zemgale,5,true
4,"Partija ""VIENOTĪBA""",57,false,Liene Liepiņa,Female,Vidzeme,15,false
4,"Partija ""VIENOTĪBA""",58,false,Gatis Liepiņš,Male,Riga,18,false
4,"Partija ""VIENOTĪBA""",59,false,Krišjānis Liepiņš,Male,Riga,25,false
4,"Partija ""VIENOTĪBA""",60,true,Inese Lībiņa-Egnere,Female,Kurzeme,3,true
4,"Partija ""VIENOTĪBA""",61,false,Ainars Lodziņš,Male,Riga,34,false
4,"Partija ""VIENOTĪBA""",62,true,Aleksejs Loskutovs,Male,Riga,3,true
4,"Partija ""VIENOTĪBA""",63,false,Valērijs Makarevičs,Male,Latgale,10,false
4,"Partija ""VIENOTĪBA""",64,true,Anrijs Matīss,Male,Latgale,1,true
4,"Partija ""VIENOTĪBA""",65,false,Linda Medene,Female,Vidzeme,7,false
4,"Partija ""VIENOTĪBA""",66,false,Vilnis Meškinis,Male,Vidzeme,24,false
4,"Partija ""VIENOTĪBA""",67,false,Ināra Mukāne,Female,Latgale,14,false
4,"Partija ""VIENOTĪBA""",68,false,Eleonora Obrumāne,Female,Latgale,18,false
4,"Partija ""VIENOTĪBA""",69,false,Jānis Ozoliņš,Male,Zemgale,6,false
4,"Partija ""VIENOTĪBA""",70,false,Guntis Pirvits,Male,Kurzeme,16,false
4,"Partija ""VIENOTĪBA""",71,false,Anna Plauča,Female,Riga,29,false
4,"Partija ""VIENOTĪBA""",72,false,Valdis Plaudis,Male,Kurzeme,15,false
4,"Partija ""VIENOTĪBA""",73,false,Līvija Plavinska,Female,Latgale,5,false
4,"Partija ""VIENOTĪBA""",74,false,Elīna Pļaviņa,Female,Zemgale,17,false
4,"Partija ""VIENOTĪBA""",75,false,Laimdota Podze,Female,Riga,32,false
4,"Partija ""VIENOTĪBA""",76,false,Inga Priede,Female,Zemgale,7,false
4,"Partija ""VIENOTĪBA""",77,false,Olafs Pulks,Male,Riga,9,false
4,"Partija ""VIENOTĪBA""",78,false,Gatis Puriņš,Male,Vidzeme,29,false
4,"Partija ""VIENOTĪBA""",79,false,Sanita Putniņa,Female,Latgale,12,false
4,"Partija ""VIENOTĪBA""",80,false,Renārs Putniņš,Male,Riga,12,false
4,"Partija ""VIENOTĪBA""",81,true,Romualds Ražuks,Male,Vidzeme,14,true
4,"Partija ""VIENOTĪBA""",82,false,Viesturs Reinfelds,Male,Zemgale,11,false
4,"Partija ""VIENOTĪBA""",83,true,Jānis Reirs,Male,Zemgale,1,true
4,"Partija ""VIENOTĪBA""",84,true,Edgars Rinkēvičs,Male,Riga,1,true
4,"Partija ""VIENOTĪBA""",85,false,Armīns Robežnieks,Male,Kurzeme,7,false
4,"Partija ""VIENOTĪBA""",86,false,Uģis Rotbergs,Male,Riga,11,false
4,"Partija ""VIENOTĪBA""",87,false,Gita Rūtiņa,Female,Zemgale,13,false
4,"Partija ""VIENOTĪBA""",88,false,Ansis Saliņš,Male,Zemgale,9,false
4,"Partija ""VIENOTĪBA""",89,false,Evika Siliņa,Female,Zemgale,10,false
4,"Partija ""VIENOTĪBA""",90,false,Aivars Siliņš,Male,Riga,26,false
4,"Partija ""VIENOTĪBA""",91,false,Edvards Smiltēns,Male,Vidzeme,9,false
4,"Partija ""VIENOTĪBA""",92,false,Vasilijs Smuļs,Male,Latgale,13,false
4,"Partija ""VIENOTĪBA""",93,false,Kintija Sparāne,Female,Vidzeme,20,false
4,"Partija ""VIENOTĪBA""",94,false,Veiko Spolītis,Male,Riga,14,false
4,"Partija ""VIENOTĪBA""",95,false,Viktors Stikuts,Male,Latgale,6,false
4,"Partija ""VIENOTĪBA""",96,false,Guntis Stirna,Male,Riga,35,false
4,"Partija ""VIENOTĪBA""",97,true,Laimdota Straujuma,Female,Vidzeme,1,true
4,"Partija ""VIENOTĪBA""",98,false,Kārlis Strēlis,Male,Riga,15,false
4,"Partija ""VIENOTĪBA""",99,false,Ainārs Sviklis,Male,Zemgale,15,false
4,"Partija ""VIENOTĪBA""",100,true,Kārlis Šadurskis,Male,Vidzeme,5,true
4,"Partija ""VIENOTĪBA""",101,false,Arnis Šķēls,Male,Vidzeme,23,false
4,"Partija ""VIENOTĪBA""",102,true,Juris Šulcs,Male,Zemgale,2,true
4,"Partija ""VIENOTĪBA""",103,false,Vija Tirzmale,Female,Riga,28,false
4,"Partija ""VIENOTĪBA""",104,false,Normunds Tropiņš,Male,Kurzeme,5,false
4,"Partija ""VIENOTĪBA""",105,false,Andris Ulāns,Male,Zemgale,16,false
4,"Partija ""VIENOTĪBA""",106,false,Maija Upeniece,Female,Latgale,9,false
4,"Partija ""VIENOTĪBA""",107,true,Jānis Upenieks,Male,Vidzeme,16,true
4,"Partija ""VIENOTĪBA""",108,false,Viktors Valainis,Male,Zemgale,4,false
4,"Partija ""VIENOTĪBA""",109,false,Māris Vārna,Male,Kurzeme,9,false
4,"Partija ""VIENOTĪBA""",110,false,Ilze Vergina,Female,Vidzeme,13,false
4,"Partija ""VIENOTĪBA""",111,false,Juris Galerijs Vidiņš,Male,Latgale,11,false
4,"Partija ""VIENOTĪBA""",112,false,Kaspars Vidiņš,Male,Latgale,17,false
4,"Partija ""VIENOTĪBA""",113,true,Ilze Viņķele,Female,Riga,7,true
4,"Partija ""VIENOTĪBA""",114,true,Dzintars Zaķis,Male,Latgale,3,true
4,"Partija ""VIENOTĪBA""",115,false,Mikus Žagata,Male,Kurzeme,12,false
5,"""POLITISKĀ PARTIJA IZAUGSME""",1,false,Dina Balode,Female,Kurzeme,3,false
5,"""POLITISKĀ PARTIJA IZAUGSME""",2,false,Natālija Bērza,Female,Riga,9,false
5,"""POLITISKĀ PARTIJA IZAUGSME""",3,false,Gaida Bērziņa,Female,Vidzeme,5,false
5,"""POLITISKĀ PARTIJA IZAUGSME""",4,false,Aldis Bondars,Male,Vidzeme,3,false
5,"""POLITISKĀ PARTIJA IZAUGSME""",5,false,Rinalds Brālis,Male,Riga,7,false
5,"""POLITISKĀ PARTIJA IZAUGSME""",6,false,Artūrs Čačka,Male,Vidzeme,19,false
5,"""POLITISKĀ PARTIJA IZAUGSME""",7,false,Ainis Dzalbs,Male,Zemgale,4,false
5,"""POLITISKĀ PARTIJA IZAUGSME""",8,false,Velga Eklona,Female,Riga,4,false
5,"""POLITISKĀ PARTIJA IZAUGSME""",9,false,Normunds Eliņš,Male,Vidzeme,18,false
5,"""POLITISKĀ PARTIJA IZAUGSME""",10,false,Indra Garsele,Female,Vidzeme,4,false
5,"""POLITISKĀ PARTIJA IZAUGSME""",11,false,Sandra Gintere,Female,Riga,2,false
5,"""POLITISKĀ PARTIJA IZAUGSME""",12,false,Dace Jakovicka,Female,Kurzeme,2,false
5,"""POLITISKĀ PARTIJA IZAUGSME""",13,false,Aija Jaunmuktāne,Female,Zemgale,1,false
5,"""POLITISKĀ PARTIJA IZAUGSME""",14,false,Uldis Kasemirs,Male,Zemgale,2,false
5,"""POLITISKĀ PARTIJA IZAUGSME""",15,false,Roberts Kuzņerevičs,Male,Latgale,1,false
5,"""POLITISKĀ PARTIJA IZAUGSME""",16,false,Egita Ķeive,Female,Vidzeme,10,false
5,"""POLITISKĀ PARTIJA IZAUGSME""",17,false,Gints Lapsa,Male,Vidzeme,17,false
5,"""POLITISKĀ PARTIJA IZAUGSME""",18,false,Lelde Mangusa-Tutāne,Female,Vidzeme,2,false
5,"""POLITISKĀ PARTIJA IZAUGSME""",19,false,Mudīte Meliņa,Female,Riga,8,false
5,"""POLITISKĀ PARTIJA IZAUGSME""",20,false,Andis Onzuls,Male,Zemgale,3,false
5,"""POLITISKĀ PARTIJA IZAUGSME""",21,false,Ilze Oša,Female,Vidzeme,16,false
5,"""POLITISKĀ PARTIJA IZAUGSME""",22,false,Evita Paidere,Female,Vidzeme,13,false
5,"""POLITISKĀ PARTIJA IZAUGSME""",23,false,Maija Radziņa,Female,Riga,1,false
5,"""POLITISKĀ PARTIJA IZAUGSME""",24,false,Dairis Roģis,Male,Vidzeme,15,false
5,"""POLITISKĀ PARTIJA IZAUGSME""",25,false,Mārcis Rudzītis,Male,Vidzeme,9,false
5,"""POLITISKĀ PARTIJA IZAUGSME""",26,false,Ainārs Rudzītis,Male,Riga,3,false
5,"""POLITISKĀ PARTIJA IZAUGSME""",27,false,Ingrida Sebre,Female,Vidzeme,14,false
5,"""POLITISKĀ PARTIJA IZAUGSME""",28,false,Jānis Siliņš,Male,Vidzeme,7,false
5,"""POLITISKĀ PARTIJA IZAUGSME""",29,false,Andris Skride,Male,Vidzeme,1,false
5,"""POLITISKĀ PARTIJA IZAUGSME""",30,false,Silva Skride,Female,Latgale,3,false
5,"""POLITISKĀ PARTIJA IZAUGSME""",31,false,Madara Stankuna,Female,Kurzeme,1,false
5,"""POLITISKĀ PARTIJA IZAUGSME""",32,false,Artis Svaža,Male,Riga,5,false
5,"""POLITISKĀ PARTIJA IZAUGSME""",33,false,Svetlana Anna Šauro,Female,Vidzeme,8,false
5,"""POLITISKĀ PARTIJA IZAUGSME""",34,false,Agnis Šumakovs,Male,Vidzeme,11,false
5,"""POLITISKĀ PARTIJA IZAUGSME""",35,false,Adriana Treikule,Female,Latgale,2,false
5,"""POLITISKĀ PARTIJA IZAUGSME""",36,false,Vladimirs Trofimovs,Male,Riga,10,false
5,"""POLITISKĀ PARTIJA IZAUGSME""",37,false,Jānis Viegliņš,Male,Riga,6,false
5,"""POLITISKĀ PARTIJA IZAUGSME""",38,false,Raivis Zāģers,Male,Vidzeme,12,false
5,"""POLITISKĀ PARTIJA IZAUGSME""",39,false,Juris Žilko,Male,Vidzeme,6,false
6,"Partija ""Vienoti Latvijai""",1,false,Žaneta Abramsone,Female,Riga,16,false
6,"Partija ""Vienoti Latvijai""",2,false,Andis Adats,Male,Vidzeme,5,false
6,"Partija ""Vienoti Latvijai""",3,false,Vladimirs Afanasjevs,Male,Latgale,13,false
6,"Partija ""Vienoti Latvijai""",4,false,Marija Aļbinoviča,Female,Riga,22,false
6,"Partija ""Vienoti Latvijai""",5,false,Ainārs Arnītis,Male,Zemgale,8,false
6,"Partija ""Vienoti Latvijai""",6,false,Andrejs Artjomovs,Male,Vidzeme,10,false
6,"Partija ""Vienoti Latvijai""",7,false,Uvis Avens,Male,Vidzeme,20,false
6,"Partija ""Vienoti Latvijai""",8,false,Gaida Avotiņa,Female,Zemgale,10,false
6,"Partija ""Vienoti Latvijai""",9,false,Aleksandrs Beļevičs,Male,Riga,18,false
6,"Partija ""Vienoti Latvijai""",10,false,Aleksandrs Bogdanovs,Male,Kurzeme,12,false
6,"Partija ""Vienoti Latvijai""",11,false,Artis Brūvers,Male,Vidzeme,4,false
6,"Partija ""Vienoti Latvijai""",12,false,Veronika Burova,Female,Riga,27,false
6,"Partija ""Vienoti Latvijai""",13,false,Viktorija Čerenkova,Female,Riga,25,false
6,"Partija ""Vienoti Latvijai""",14,false,Gunārs Dāboliņš,Male,Vidzeme,3,false
6,"Partija ""Vienoti Latvijai""",15,false,Andris Deniņš,Male,Riga,5,false
6,"Partija ""Vienoti Latvijai""",16,false,Vjačeslavs Dubovskis,Male,Latgale,6,false
6,"Partija ""Vienoti Latvijai""",17,false,Ēriks Flaumanis,Male,Vidzeme,23,false
6,"Partija ""Vienoti Latvijai""",18,false,Ģirts Freimanis,Male,Riga,33,false
6,"Partija ""Vienoti Latvijai""",19,false,Guntis Gelpers,Male,Zemgale,4,false
6,"Partija ""Vienoti Latvijai""",20,false,Pēteris Goba,Male,Zemgale,15,false
6,"Partija ""Vienoti Latvijai""",21,false,Ivars Godmanis,Male,Vidzeme,1,false
6,"Partija ""Vienoti Latvijai""",22,false,Jānis Grigaļūns,Male,Vidzeme,9,false
6,"Partija ""Vienoti Latvijai""",23,false,Inese Grigoruka,Female,Kurzeme,5,false
6,"Partija ""Vienoti Latvijai""",24,false,Lauris Grīns,Male,Riga,14,false
6,"Partija ""Vienoti Latvijai""",25,false,Ivars Gulbis,Male,Riga,34,false
6,"Partija ""Vienoti Latvijai""",26,false,Zane Ģierte,Female,Kurzeme,7,false
6,"Partija ""Vienoti Latvijai""",27,false,Gundega Jaunbērziņa-Beitika,Female,Riga,13,false
6,"Partija ""Vienoti Latvijai""",28,false,Vadims Jerošenko,Male,Riga,2,false
6,"Partija ""Vienoti Latvijai""",29,false,Oskars Juhnevičs,Male,Latgale,2,false
6,"Partija ""Vienoti Latvijai""",30,false,Karīna Juhņeviča,Female,Latgale,16,false
6,"Partija ""Vienoti Latvijai""",31,false,Jānis Jukna,Male,Latgale,3,false
6,"Partija ""Vienoti Latvijai""",32,false,Jānis Jurkāns,Male,Latgale,1,false
6,"Partija ""Vienoti Latvijai""",33,false,Ivars Kalvišķis,Male,Vidzeme,2,false
6,"Partija ""Vienoti Latvijai""",34,false,Aigars Kalvītis,Male,Zemgale,1,false
6,"Partija ""Vienoti Latvijai""",35,false,Edmunds Kaševskis,Male,Riga,7,false
6,"Partija ""Vienoti Latvijai""",36,false,Česlavs Kaševskis,Male,Riga,24,false
6,"Partija ""Vienoti Latvijai""",37,false,Jānis Kazāks,Male,Kurzeme,4,false
6,"Partija ""Vienoti Latvijai""",38,false,Edgars Kažoks,Male,Riga,19,false
6,"Partija ""Vienoti Latvijai""",39,false,Tatjana Kokina,Female,Latgale,12,false
6,"Partija ""Vienoti Latvijai""",40,false,Anita Kokoreviča,Female,Latgale,9,false
6,"Partija ""Vienoti Latvijai""",41,false,Arnis Krauklis,Male,Zemgale,6,false
6,"Partija ""Vienoti Latvijai""",42,false,Edijs Kriķis,Male,Vidzeme,15,false
6,"Partija ""Vienoti Latvijai""",43,false,Evija Krilova,Female,Vidzeme,16,false
6,"Partija ""Vienoti Latvijai""",44,false,Jeļena Kuranova,Female,Latgale,5,false
6,"Partija ""Vienoti Latvijai""",45,false,Ivars Ķezbers,Male,Vidzeme,12,false
6,"Partija ""Vienoti Latvijai""",46,false,Juris Lazdāns,Male,Zemgale,13,false
6,"Partija ""Vienoti Latvijai""",47,false,Krists Leiškalns,Male,Vidzeme,26,false
6,"Partija ""Vienoti Latvijai""",48,false,Ilona Lejniece,Female,Riga,28,false
6,"Partija ""Vienoti Latvijai""",49,false,Ernests Lībietis,Male,Vidzeme,8,false
6,"Partija ""Vienoti Latvijai""",50,false,Vahtangs Luašvili,Male,Latgale,15,false
6,"Partija ""Vienoti Latvijai""",51,false,Ligita Maģiča,Female,Latgale,10,false
6,"Partija ""Vienoti Latvijai""",52,false,Vadims Maļinovskis,Male,Riga,32,false
6,"Partija ""Vienoti Latvijai""",53,false,Artūrs Marauskis,Male,Kurzeme,8,false
6,"Partija ""Vienoti Latvijai""",54,false,Ainars Melders,Male,Vidzeme,7,false
6,"Partija ""Vienoti Latvijai""",55,false,Ineta Muižniece,Female,Vidzeme,13,false
6,"Partija ""Vienoti Latvijai""",56,false,Ilgvars Muzikants,Male,Vidzeme,22,false
6,"Partija ""Vienoti Latvijai""",57,false,Andrejs Naglis,Male,Latgale,7,false
6,"Partija ""Vienoti Latvijai""",58,false,Valērijs Osipovs,Male,Riga,29,false
6,"Partija ""Vienoti Latvijai""",59,false,Viktors Ozerskis,Male,Riga,30,false
6,"Partija ""Vienoti Latvijai""",60,false,Reinholds Pelše,Male,Vidzeme,25,false
6,"Partija ""Vienoti Latvijai""",61,false,Udo Pērsis,Male,Zemgale,7,false
6,"Partija ""Vienoti Latvijai""",62,false,Irina Pētersone,Female,Riga,6,false
6,"Partija ""Vienoti Latvijai""",63,false,Mihails Pietkevičs,Male,Kurzeme,6,false
6,"Partija ""Vienoti Latvijai""",64,false,Andris Pudāns,Male,Riga,11,false
6,"Partija ""Vienoti Latvijai""",65,false,Irēna Putiķe,Female,Riga,21,false
6,"Partija ""Vienoti Latvijai""",66,false,Jekaterina Pūrīte,Female,Kurzeme,11,false
6,"Partija ""Vienoti Latvijai""",67,false,Iveta Raimo,Female,Latgale,14,false
6,"Partija ""Vienoti Latvijai""",68,false,Zigurds Rancāns,Male,Zemgale,11,false
6,"Partija ""Vienoti Latvijai""",69,false,Jānis Ratnieks,Male,Kurzeme,13,false
6,"Partija ""Vienoti Latvijai""",70,false,Dzintra Mirdza Reisa,Female,Kurzeme,2,false
6,"Partija ""Vienoti Latvijai""",71,false,Jānis Riežnieks,Male,Kurzeme,9,false
6,"Partija ""Vienoti Latvijai""",72,false,Nauris Rolavs,Male,Kurzeme,3,false
6,"Partija ""Vienoti Latvijai""",73,false,Agita Roziņa,Female,Riga,12,false
6,"Partija ""Vienoti Latvijai""",74,false,Eduards Rubīns,Male,Kurzeme,14,false
6,"Partija ""Vienoti Latvijai""",75,false,Imants Silavs,Male,Zemgale,9,false
6,"Partija ""Vienoti Latvijai""",76,false,Lilita Siliņa,Female,Vidzeme,19,false
6,"Partija ""Vienoti Latvijai""",77,false,Kaspars Sīlis,Male,Vidzeme,18,false
6,"Partija ""Vienoti Latvijai""",78,false,Dace Smeltere,Female,Vidzeme,17,false
6,"Partija ""Vienoti Latvijai""",79,false,Kristīne Sokolovska,Female,Vidzeme,11,false
6,"Partija ""Vienoti Latvijai""",80,false,Gunārs Spradzenko,Male,Latgale,4,false
6,"Partija ""Vienoti Latvijai""",81,false,Jevgenija Stalidzāne,Female,Riga,8,false
6,"Partija ""Vienoti Latvijai""",82,false,Jānis Straume,Male,Kurzeme,1,false
6,"Partija ""Vienoti Latvijai""",83,false,Andrejs Stremjanovs,Male,Latgale,11,false
6,"Partija ""Vienoti Latvijai""",84,false,Lelde Sutena,Female,Zemgale,16,false
6,"Partija ""Vienoti Latvijai""",85,false,Ainārs Šlesers,Male,Riga,1,false
6,"Partija ""Vienoti Latvijai""",86,false,Jevdokija Šlivka,Female,Latgale,8,false
6,"Partija ""Vienoti Latvijai""",87,false,Raimonds Šteinerts,Male,Zemgale,12,false
6,"Partija ""Vienoti Latvijai""",88,false,Raivis Ūzuls,Male,Vidzeme,6,false
6,"Partija ""Vienoti Latvijai""",89,false,Guntars Valants,Male,Vidzeme,21,false
6,"Partija ""Vienoti Latvijai""",90,false,Aleksandrs Vasiļjevs,Male,Riga,23,false
6,"Partija ""Vienoti Latvijai""",91,false,Oļegs Vasiļonoks,Male,Vidzeme,24,false
6,"Partija ""Vienoti Latvijai""",92,false,Vinets Veldre,Male,Zemgale,3,false
6,"Partija ""Vienoti Latvijai""",93,false,Raimonds Vilde,Male,Riga,9,false
6,"Partija ""Vienoti Latvijai""",94,false,Andulis Vitte,Male,Kurzeme,10,false
6,"Partija ""Vienoti Latvijai""",95,false,Daiga Vītola,Female,Vidzeme,14,false
6,"Partija ""Vienoti Latvijai""",96,false,Dace Vītola,Female,Riga,10,false
6,"Partija ""Vienoti Latvijai""",97,false,Tatjana Volkova,Female,Riga,4,false
6,"Partija ""Vienoti Latvijai""",98,false,Vitālijs Zaharovs,Male,Riga,20,false
6,"Partija ""Vienoti Latvijai""",99,false,Pāvels Zaicevs,Male,Riga,26,false
6,"Partija ""Vienoti Latvijai""",100,false,Edgars Zalāns,Male,Zemgale,2,false
6,"Partija ""Vienoti Latvijai""",101,false,Aigars Zariņš,Male,Riga,17,false
6,"Partija ""Vienoti Latvijai""",102,false,Rihards Zariņš,Male,Riga,15,false
6,"Partija ""Vienoti Latvijai""",103,false,Mareks Zeltiņš,Male,Riga,3,false
6,"Partija ""Vienoti Latvijai""",104,false,Arvīds Zvirbulis,Male,Zemgale,5,false
6,"Partija ""Vienoti Latvijai""",105,false,Aldis Žaludka,Male,Zemgale,14,false
6,"Partija ""Vienoti Latvijai""",106,false,Nils Žuravļovs,Male,Riga,31,false
7,"Nacionālā apvienība ""Visu Latvijai!""-""Tēvzemei un Brīvībai/LNNK""",1,false,Māris Andžāns,Male,Riga,29,false
7,"Nacionālā apvienība ""Visu Latvijai!""-""Tēvzemei un Brīvībai/LNNK""",2,false,Marika Berga,Female,Vidzeme,24,false
7,"Nacionālā apvienība ""Visu Latvijai!""-""Tēvzemei un Brīvībai/LNNK""",3,false,Olga Berga,Female,Riga,22,false
7,"Nacionālā apvienība ""Visu Latvijai!""-""Tēvzemei un Brīvībai/LNNK""",4,false,Ilze Bertāne,Female,Kurzeme,13,false
7,"Nacionālā apvienība ""Visu Latvijai!""-""Tēvzemei un Brīvībai/LNNK""",5,true,Gaidis Bērziņš,Male,Kurzeme,1,true
7,"Nacionālā apvienība ""Visu Latvijai!""-""Tēvzemei un Brīvībai/LNNK""",6,false,Baiba Bicēna,Female,Riga,26,false
7,"Nacionālā apvienība ""Visu Latvijai!""-""Tēvzemei un Brīvībai/LNNK""",7,false,Raivis Blumfelds,Male,Kurzeme,15,false
7,"Nacionālā apvienība ""Visu Latvijai!""-""Tēvzemei un Brīvībai/LNNK""",8,false,Juris Bogdanovičs,Male,Riga,12,false
7,"Nacionālā apvienība ""Visu Latvijai!""-""Tēvzemei un Brīvībai/LNNK""",9,false,Ilona Bremze,Female,Zemgale,12,false
7,"Nacionālā apvienība ""Visu Latvijai!""-""Tēvzemei un Brīvībai/LNNK""",10,false,Uldis Verners Brūns,Male,Riga,10,false
7,"Nacionālā apvienība ""Visu Latvijai!""-""Tēvzemei un Brīvībai/LNNK""",11,false,Ivo Brūvers,Male,Latgale,11,false
7,"Nacionālā apvienība ""Visu Latvijai!""-""Tēvzemei un Brīvībai/LNNK""",12,true,Andris Buiķis,Male,Zemgale,8,true
7,"Nacionālā apvienība ""Visu Latvijai!""-""Tēvzemei un Brīvībai/LNNK""",13,false,Aldis Bukovskis,Male,Riga,32,false
7,"Nacionālā apvienība ""Visu Latvijai!""-""Tēvzemei un Brīvībai/LNNK""",14,false,Artūrs Butāns,Male,Kurzeme,14,false
7,"Nacionālā apvienība ""Visu Latvijai!""-""Tēvzemei un Brīvībai/LNNK""",15,true,Einārs Cilinskis,Male,Riga,3,true
7,"Nacionālā apvienība ""Visu Latvijai!""-""Tēvzemei un Brīvībai/LNNK""",16,false,Ieva Cīrule,Female,Zemgale,14,false
7,"Nacionālā apvienība ""Visu Latvijai!""-""Tēvzemei un Brīvībai/LNNK""",17,false,Juris Cīrulis,Male,Zemgale,4,false
7,"Nacionālā apvienība ""Visu Latvijai!""-""Tēvzemei un Brīvībai/LNNK""",18,false,Jānis Dainis,Male,Vidzeme,12,false
7,"Nacionālā apvienība ""Visu Latvijai!""-""Tēvzemei un Brīvībai/LNNK""",19,true,Jānis Dombrava,Male,Vidzeme,2,true
7,"Nacionālā apvienība ""Visu Latvijai!""-""Tēvzemei un Brīvībai/LNNK""",20,false,Kārlis Dombrovskis,Male,Riga,19,false
7,"Nacionālā apvienība ""Visu Latvijai!""-""Tēvzemei un Brīvībai/LNNK""",21,false,Normunds Duļevskis,Male,Vidzeme,16,false
7,"Nacionālā apvienība ""Visu Latvijai!""-""Tēvzemei un Brīvībai/LNNK""",22,true,Raivis Dzintars,Male,Vidzeme,1,true
7,"Nacionālā apvienība ""Visu Latvijai!""-""Tēvzemei un Brīvībai/LNNK""",23,false,Ginta Eglīte,Female,Vidzeme,19,false
7,"Nacionālā apvienība ""Visu Latvijai!""-""Tēvzemei un Brīvībai/LNNK""",24,false,Laimonis Frīdbergs,Male,Latgale,13,false
7,"Nacionālā apvienība ""Visu Latvijai!""-""Tēvzemei un Brīvībai/LNNK""",25,false,Inese Gaumane,Female,Vidzeme,25,false
7,"Nacionālā apvienība ""Visu Latvijai!""-""Tēvzemei un Brīvībai/LNNK""",26,false,Irīna Gedertsone,Female,Vidzeme,20,false
7,"Nacionālā apvienība ""Visu Latvijai!""-""Tēvzemei un Brīvībai/LNNK""",27,false,Ilmārs Geiba,Male,Latgale,15,false
7,"Nacionālā apvienība ""Visu Latvijai!""-""Tēvzemei un Brīvībai/LNNK""",28,false,Ainārs Grikmanis,Male,Vidzeme,14,false
7,"Nacionālā apvienība ""Visu Latvijai!""-""Tēvzemei un Brīvībai/LNNK""",29,false,Gunārs Grīnbergs,Male,Vidzeme,13,false
7,"Nacionālā apvienība ""Visu Latvijai!""-""Tēvzemei un Brīvībai/LNNK""",30,false,Rūdolfs Grīnblats,Male,Riga,33,false
7,"Nacionālā apvienība ""Visu Latvijai!""-""Tēvzemei un Brīvībai/LNNK""",31,false,Brigita Gulbe,Female,Latgale,17,false
7,"Nacionālā apvienība ""Visu Latvijai!""-""Tēvzemei un Brīvībai/LNNK""",32,false,Ieva Holma,Female,Riga,16,false
7,"Nacionālā apvienība ""Visu Latvijai!""-""Tēvzemei un Brīvībai/LNNK""",33,false,Jānis Iesalnieks,Male,Kurzeme,2,false
7,"Nacionālā apvienība ""Visu Latvijai!""-""Tēvzemei un Brīvībai/LNNK""",34,false,Gunārs Indārs,Male,Riga,34,false
7,"Nacionālā apvienība ""Visu Latvijai!""-""Tēvzemei un Brīvībai/LNNK""",35,false,Ilze Indriksone,Female,Kurzeme,16,false
7,"Nacionālā apvienība ""Visu Latvijai!""-""Tēvzemei un Brīvībai/LNNK""",36,false,Ilvija Jakovina,Female,Vidzeme,18,false
7,"Nacionālā apvienība ""Visu Latvijai!""-""Tēvzemei un Brīvībai/LNNK""",37,false,Edgars Jansons,Male,Riga,25,false
7,"Nacionālā apvienība ""Visu Latvijai!""-""Tēvzemei un Brīvībai/LNNK""",38,false,Ritvars Jansons,Male,Riga,14,false
7,"Nacionālā apvienība ""Visu Latvijai!""-""Tēvzemei un Brīvībai/LNNK""",39,false,Eduards Jurķelis,Male,Riga,27,false
7,"Nacionālā apvienība ""Visu Latvijai!""-""Tēvzemei un Brīvībai/LNNK""",40,false,Bruno Jurševics,Male,Kurzeme,6,false
7,"Nacionālā apvienība ""Visu Latvijai!""-""Tēvzemei un Brīvībai/LNNK""",41,false,Daiga Kalnbērziņa,Female,Vidzeme,22,false
7,"Nacionālā apvienība ""Visu Latvijai!""-""Tēvzemei un Brīvībai/LNNK""",42,false,Imārs Kiršbaums,Male,Riga,21,false
7,"Nacionālā apvienība ""Visu Latvijai!""-""Tēvzemei un Brīvībai/LNNK""",43,false,Aleksandrs Kiršteins,Male,Riga,6,false
7,"Nacionālā apvienība ""Visu Latvijai!""-""Tēvzemei un Brīvībai/LNNK""",44,false,Jurģis Klotiņš,Male,Riga,20,false
7,"Nacionālā apvienība ""Visu Latvijai!""-""Tēvzemei un Brīvībai/LNNK""",45,false,Ingus Kļaviņš,Male,Riga,8,false
7,"Nacionālā apvienība ""Visu Latvijai!""-""Tēvzemei un Brīvībai/LNNK""",46,true,Rihards Kols,Male,Vidzeme,4,true
7,"Nacionālā apvienība ""Visu Latvijai!""-""Tēvzemei un Brīvībai/LNNK""",47,false,Aleksandrs Korņilovs,Male,Latgale,9,false
7,"Nacionālā apvienība ""Visu Latvijai!""-""Tēvzemei un Brīvībai/LNNK""",48,true,Kārlis Krēsliņš,Male,Vidzeme,9,true
7,"Nacionālā apvienība ""Visu Latvijai!""-""Tēvzemei un Brīvībai/LNNK""",49,false,Uģis Krūmiņš,Male,Riga,35,false
7,"Nacionālā apvienība ""Visu Latvijai!""-""Tēvzemei un Brīvībai/LNNK""",50,false,Jānis Atis Krūmiņš,Male,Riga,18,false
7,"Nacionālā apvienība ""Visu Latvijai!""-""Tēvzemei un Brīvībai/LNNK""",51,false,Dzintars Kudums,Male,Kurzeme,3,false
7,"Nacionālā apvienība ""Visu Latvijai!""-""Tēvzemei un Brīvībai/LNNK""",52,true,Janīna Kursīte-Pakule,Female,Kurzeme,7,true
7,"Nacionālā apvienība ""Visu Latvijai!""-""Tēvzemei un Brīvībai/LNNK""",53,false,Antons Kursītis,Male,Latgale,3,false
7,"Nacionālā apvienība ""Visu Latvijai!""-""Tēvzemei un Brīvībai/LNNK""",54,false,Aina Ķīse,Female,Zemgale,16,false
7,"Nacionālā apvienība ""Visu Latvijai!""-""Tēvzemei un Brīvībai/LNNK""",55,true,Inese Laizāne,Female,Latgale,1,true
7,"Nacionālā apvienība ""Visu Latvijai!""-""Tēvzemei un Brīvībai/LNNK""",56,false,Ģirts Lapiņš,Male,Riga,11,false
7,"Nacionālā apvienība ""Visu Latvijai!""-""Tēvzemei un Brīvībai/LNNK""",57,true,Ilmārs Latkovskis,Male,Riga,4,true
7,"Nacionālā apvienība ""Visu Latvijai!""-""Tēvzemei un Brīvībai/LNNK""",58,false,Santa Laurinoviča,Female,Kurzeme,12,false
7,"Nacionālā apvienība ""Visu Latvijai!""-""Tēvzemei un Brīvībai/LNNK""",59,false,Andris Lācis,Male,Riga,15,false
7,"Nacionālā apvienība ""Visu Latvijai!""-""Tēvzemei un Brīvībai/LNNK""",60,false,Gunta Liepiņa,Female,Vidzeme,8,false
7,"Nacionālā apvienība ""Visu Latvijai!""-""Tēvzemei un Brīvībai/LNNK""",61,false,Dainis Locis,Male,Riga,7,false
7,"Nacionālā apvienība ""Visu Latvijai!""-""Tēvzemei un Brīvībai/LNNK""",62,false,Irīna Mackus,Female,Vidzeme,28,false
7,"Nacionālā apvienība ""Visu Latvijai!""-""Tēvzemei un Brīvībai/LNNK""",63,false,Jānis Mājenieks,Male,Vidzeme,15,false
7,"Nacionālā apvienība ""Visu Latvijai!""-""Tēvzemei un Brīvībai/LNNK""",64,true,Dace Melbārde,Female,Riga,1,true
7,"Nacionālā apvienība ""Visu Latvijai!""-""Tēvzemei un Brīvībai/LNNK""",65,false,Aija Mežale,Female,Latgale,7,false
7,"Nacionālā apvienība ""Visu Latvijai!""-""Tēvzemei un Brīvībai/LNNK""",66,false,Dzintars Mozgis,Male,Latgale,4,false
7,"Nacionālā apvienība ""Visu Latvijai!""-""Tēvzemei un Brīvībai/LNNK""",67,true,Ināra Mūrniece,Female,Vidzeme,3,true
7,"Nacionālā apvienība ""Visu Latvijai!""-""Tēvzemei un Brīvībai/LNNK""",68,false,Jānis Mūrnieks,Male,Latgale,8,false
7,"Nacionālā apvienība ""Visu Latvijai!""-""Tēvzemei un Brīvībai/LNNK""",69,false,Inita Nagņibeda,Female,Zemgale,11,false
7,"Nacionālā apvienība ""Visu Latvijai!""-""Tēvzemei un Brīvībai/LNNK""",70,true,Romāns Naudiņš,Male,Vidzeme,5,true
7,"Nacionālā apvienība ""Visu Latvijai!""-""Tēvzemei un Brīvībai/LNNK""",71,false,Ivars Nececkis,Male,Riga,31,false
7,"Nacionālā apvienība ""Visu Latvijai!""-""Tēvzemei un Brīvībai/LNNK""",72,false,Aivars Okmanis,Male,Zemgale,5,false
7,"Nacionālā apvienība ""Visu Latvijai!""-""Tēvzemei un Brīvībai/LNNK""",73,false,Ieva Ozola,Female,Riga,17,false
7,"Nacionālā apvienība ""Visu Latvijai!""-""Tēvzemei un Brīvībai/LNNK""",74,false,Ivo Ozols,Male,Riga,28,false
7,"Nacionālā apvienība ""Visu Latvijai!""-""Tēvzemei un Brīvībai/LNNK""",75,true,Imants Parādnieks,Male,Zemgale,2,true
7,"Nacionālā apvienība ""Visu Latvijai!""-""Tēvzemei un Brīvībai/LNNK""",76,false,Andris Pastars,Male,Zemgale,15,false
7,"Nacionālā apvienība ""Visu Latvijai!""-""Tēvzemei un Brīvībai/LNNK""",77,false,Andris Pārups,Male,Riga,9,false
7,"Nacionālā apvienība ""Visu Latvijai!""-""Tēvzemei un Brīvībai/LNNK""",78,false,Vineta Poriņa,Female,Zemgale,3,false
7,"Nacionālā apvienība ""Visu Latvijai!""-""Tēvzemei un Brīvībai/LNNK""",79,false,Ieva Preimane,Female,Vidzeme,27,false
7,"Nacionālā apvienība ""Visu Latvijai!""-""Tēvzemei un Brīvībai/LNNK""",80,false,Arnis Puksts,Male,Riga,24,false
7,"Nacionālā apvienība ""Visu Latvijai!""-""Tēvzemei un Brīvībai/LNNK""",81,false,Nauris Puntulis,Male,Zemgale,6,false
7,"Nacionālā apvienība ""Visu Latvijai!""-""Tēvzemei un Brīvībai/LNNK""",82,true,Dzintars Rasnačs,Male,Riga,2,true
7,"Nacionālā apvienība ""Visu Latvijai!""-""Tēvzemei un Brīvībai/LNNK""",83,false,Anita Ratkeviča,Female,Latgale,16,false
7,"Nacionālā apvienība ""Visu Latvijai!""-""Tēvzemei un Brīvībai/LNNK""",84,false,Jānis Ratkevičs,Male,Latgale,5,false
7,"Nacionālā apvienība ""Visu Latvijai!""-""Tēvzemei un Brīvībai/LNNK""",85,false,Edvards Ratnieks,Male,Zemgale,7,false
7,"Nacionālā apvienība ""Visu Latvijai!""-""Tēvzemei un Brīvībai/LNNK""",86,false,Jānis Rāfelds,Male,Vidzeme,21,false
7,"Nacionālā apvienība ""Visu Latvijai!""-""Tēvzemei un Brīvībai/LNNK""",87,false,Agris Riba,Male,Zemgale,13,false
7,"Nacionālā apvienība ""Visu Latvijai!""-""Tēvzemei un Brīvībai/LNNK""",88,false,Dainis Rijkuris,Male,Zemgale,10,false
7,"Nacionālā apvienība ""Visu Latvijai!""-""Tēvzemei un Brīvībai/LNNK""",89,false,Guntra Riņķe,Female,Kurzeme,9,false
7,"Nacionālā apvienība ""Visu Latvijai!""-""Tēvzemei un Brīvībai/LNNK""",90,true,Inguna Rībena,Female,Riga,5,true
7,"Nacionālā apvienība ""Visu Latvijai!""-""Tēvzemei un Brīvībai/LNNK""",91,false,Gunārs Rusiņš,Male,Vidzeme,7,false
7,"Nacionālā apvienība ""Visu Latvijai!""-""Tēvzemei un Brīvībai/LNNK""",92,false,Kristīna Rūtenberga,Female,Kurzeme,8,false
7,"Nacionālā apvienība ""Visu Latvijai!""-""Tēvzemei un Brīvībai/LNNK""",93,false,Gundars Sebris,Male,Kurzeme,4,false
7,"Nacionālā apvienība ""Visu Latvijai!""-""Tēvzemei un Brīvībai/LNNK""",94,false,Aivars Sjademe,Male,Vidzeme,23,false
7,"Nacionālā apvienība ""Visu Latvijai!""-""Tēvzemei un Brīvībai/LNNK""",95,false,Kristīne Skrīvere,Female,Kurzeme,11,false
7,"Nacionālā apvienība ""Visu Latvijai!""-""Tēvzemei un Brīvībai/LNNK""",96,false,Kārlis Skujiņš,Male,Vidzeme,26,false
7,"Nacionālā apvienība ""Visu Latvijai!""-""Tēvzemei un Brīvībai/LNNK""",97,false,Salvis Smukais,Male,Vidzeme,11,false
7,"Nacionālā apvienība ""Visu Latvijai!""-""Tēvzemei un Brīvībai/LNNK""",98,false,Ludmila Sočņeva,Female,Riga,23,false
7,"Nacionālā apvienība ""Visu Latvijai!""-""Tēvzemei un Brīvībai/LNNK""",99,false,Gatis Sprūds,Male,Vidzeme,6,false
7,"Nacionālā apvienība ""Visu Latvijai!""-""Tēvzemei un Brīvībai/LNNK""",100,false,Dainis Svarups,Male,Latgale,14,false
7,"Nacionālā apvienība ""Visu Latvijai!""-""Tēvzemei un Brīvībai/LNNK""",101,false,Roberts Šlegelmilhs,Male,Zemgale,9,false
7,"Nacionālā apvienība ""Visu Latvijai!""-""Tēvzemei un Brīvībai/LNNK""",102,true,Edvīns Šnore,Male,Zemgale,1,true
7,"Nacionālā apvienība ""Visu Latvijai!""-""Tēvzemei un Brīvībai/LNNK""",103,false,Ērika Teirumnieka,Female,Latgale,2,false
7,"Nacionālā apvienība ""Visu Latvijai!""-""Tēvzemei un Brīvībai/LNNK""",104,false,Jānis Vahers,Male,Latgale,6,false
7,"Nacionālā apvienība ""Visu Latvijai!""-""Tēvzemei un Brīvībai/LNNK""",105,false,Evija Vaikina,Female,Latgale,12,false
7,"Nacionālā apvienība ""Visu Latvijai!""-""Tēvzemei un Brīvībai/LNNK""",106,false,Daina Vanaga,Female,Kurzeme,5,false
7,"Nacionālā apvienība ""Visu Latvijai!""-""Tēvzemei un Brīvībai/LNNK""",107,false,Gundars Važa,Male,Zemgale,17,false
7,"Nacionālā apvienība ""Visu Latvijai!""-""Tēvzemei un Brīvībai/LNNK""",108,false,Krista Veita,Female,Kurzeme,10,false
7,"Nacionālā apvienība ""Visu Latvijai!""-""Tēvzemei un Brīvībai/LNNK""",109,false,Artis Vidžups,Male,Riga,30,false
7,"Nacionālā apvienība ""Visu Latvijai!""-""Tēvzemei un Brīvībai/LNNK""",110,false,Ginta Vilcāne,Female,Latgale,10,false
7,"Nacionālā apvienība ""Visu Latvijai!""-""Tēvzemei un Brīvībai/LNNK""",111,false,Andris Vilks,Male,Riga,13,false
7,"Nacionālā apvienība ""Visu Latvijai!""-""Tēvzemei un Brīvībai/LNNK""",112,false,Marika Zeimule,Female,Vidzeme,10,false
7,"Nacionālā apvienība ""Visu Latvijai!""-""Tēvzemei un Brīvībai/LNNK""",113,false,Raivis Zeltīts,Male,Vidzeme,29,false
7,"Nacionālā apvienība ""Visu Latvijai!""-""Tēvzemei un Brīvībai/LNNK""",114,false,Jana Zilkalne,Female,Vidzeme,17,false
8,Latvijas Reģionu Apvienība,1,false,Edgars Abrams,Male,Riga,10,false
8,Latvijas Reģionu Apvienība,2,false,Armands Agrums,Male,Riga,5,false
8,Latvijas Reģionu Apvienība,3,false,Aldis Alliks,Male,Riga,17,false
8,Latvijas Reģionu Apvienība,4,false,Ingrīda Amantova,Female,Vidzeme,8,false
8,Latvijas Reģionu Apvienība,5,false,Liene Anševica,Female,Kurzeme,13,false
8,Latvijas Reģionu Apvienība,6,false,Juris Apinis,Male,Vidzeme,27,false
8,Latvijas Reģionu Apvienība,7,false,Jānis Ābele,Male,Zemgale,8,false
8,Latvijas Reģionu Apvienība,8,false,Jānis Ābols,Male,Riga,12,false
8,Latvijas Reģionu Apvienība,9,false,Juris Baldiņš,Male,Riga,31,false
8,Latvijas Reģionu Apvienība,10,false,Ilona Balode,Female,Vidzeme,18,false
8,Latvijas Reģionu Apvienība,11,false,Guntis Bērziņš,Male,Riga,14,false
8,Latvijas Reģionu Apvienība,12,false,Aivis Biķernieks,Male,Zemgale,16,false
8,Latvijas Reģionu Apvienība,13,false,Guntars Bilsēns,Male,Vidzeme,7,false
8,Latvijas Reģionu Apvienība,14,false,Inita Bišofa,Female,Kurzeme,2,false
8,Latvijas Reģionu Apvienība,15,true,Inga Bite,Female,Riga,3,true
8,Latvijas Reģionu Apvienība,16,false,Kārlis Boitmanis,Male,Riga,22,false
8,Latvijas Reģionu Apvienība,17,true,Mārtiņš Bondars,Male,Vidzeme,1,true
8,Latvijas Reģionu Apvienība,18,false,Ivars Brīvers,Male,Riga,15,false
8,Latvijas Reģionu Apvienība,19,false,Inese Caunīte,Female,Zemgale,13,false
8,Latvijas Reģionu Apvienība,20,false,Velta Cimdiņa,Female,Riga,24,false
8,Latvijas Reģionu Apvienība,21,false,Gunda Cīrule,Female,Zemgale,12,false
8,Latvijas Reģionu Apvienība,22,false,Inese Čača,Female,Riga,26,false
8,Latvijas Reģionu Apvienība,23,false,Aleksandrs Dementjevs,Male,Riga,7,false
8,Latvijas Reģionu Apvienība,24,false,Jānis Dinevičs,Male,Latgale,3,false
8,Latvijas Reģionu Apvienība,25,false,Jānis Dinne,Male,Riga,18,false
8,Latvijas Reģionu Apvienība,26,false,Inga Drele,Female,Latgale,18,false
8,Latvijas Reģionu Apvienība,27,false,Juris Dzelme,Male,Riga,33,false
8,Latvijas Reģionu Apvienība,28,false,Aivars Fomins,Male,Vidzeme,6,false
8,Latvijas Reģionu Apvienība,29,false,Vilis Freimanis,Male,Zemgale,15,false
8,Latvijas Reģionu Apvienība,30,false,Gunta Gasūna,Female,Vidzeme,25,false
8,Latvijas Reģionu Apvienība,31,false,Guntis Gladkins,Male,Vidzeme,2,false
8,Latvijas Reģionu Apvienība,32,false,Leonārija Gudakovska,Female,Zemgale,5,false
8,Latvijas Reģionu Apvienība,33,false,Ingars Gusāns,Male,Latgale,7,false
8,Latvijas Reģionu Apvienība,34,false,Ingemars Harmsens,Male,Kurzeme,7,false
8,Latvijas Reģionu Apvienība,35,false,Aidis Herings,Male,Kurzeme,10,false
8,Latvijas Reģionu Apvienība,36,false,Valdis Holbergs,Male,Riga,21,false
8,Latvijas Reģionu Apvienība,37,false,Gunārs Igaunis,Male,Latgale,17,false
8,Latvijas Reģionu Apvienība,38,false,Sarmīte Janfelde,Female,Riga,23,false
8,Latvijas Reģionu Apvienība,39,false,Līvija Jankovska,Female,Latgale,4,false
8,Latvijas Reģionu Apvienība,40,false,Gundars Jegors,Male,Riga,32,false
8,Latvijas Reģionu Apvienība,41,false,Jānis Jurģelis,Male,Vidzeme,26,false
8,Latvijas Reģionu Apvienība,42,true,Arturs Kaimiņš,Male,Riga,35,true
8,Latvijas Reģionu Apvienība,43,false,Raimonds Kalniņš,Male,Kurzeme,4,false
8,Latvijas Reģionu Apvienība,44,false,Imants Keišs,Male,Riga,29,false
8,Latvijas Reģionu Apvienība,45,false,Rolands Keišs,Male,Latgale,9,false
8,Latvijas Reģionu Apvienība,46,false,Arvīds Kinstlers,Male,Kurzeme,15,false
8,Latvijas Reģionu Apvienība,47,true,Nellija Kleinberga,Female,Kurzeme,1,true
8,Latvijas Reģionu Apvienība,48,false,Sergejs Kodors,Male,Latgale,15,false
8,Latvijas Reģionu Apvienība,49,false,Anita Kokarēviča,Female,Riga,27,false
8,Latvijas Reģionu Apvienība,50,false,Margarita Krauča,Female,Riga,9,false
8,Latvijas Reģionu Apvienība,51,false,Zigrīda Krauze,Female,Kurzeme,16,false
8,Latvijas Reģionu Apvienība,52,false,Varis Krūmiņš,Male,Vidzeme,29,false
8,Latvijas Reģionu Apvienība,53,false,Augusts Kūravs,Male,Riga,13,false
8,Latvijas Reģionu Apvienība,54,false,Aldis Lazda,Male,Zemgale,10,false
8,Latvijas Reģionu Apvienība,55,false,Dzintars Legzdiņš,Male,Kurzeme,9,false
8,Latvijas Reģionu Apvienība,56,false,Arvis Leinbergs,Male,Kurzeme,11,false
8,Latvijas Reģionu Apvienība,57,false,Ilgonis Leišavnieks,Male,Zemgale,3,false
8,Latvijas Reģionu Apvienība,58,false,Inta Lemešonoka,Female,Vidzeme,20,false
8,Latvijas Reģionu Apvienība,59,false,Juris Levics,Male,Kurzeme,14,false
8,Latvijas Reģionu Apvienība,60,true,Dainis Liepiņš,Male,Zemgale,1,true
8,Latvijas Reģionu Apvienība,61,false,Andris Liepiņš,Male,Latgale,16,false
8,Latvijas Reģionu Apvienība,62,false,Jānis Liepiņš,Male,Vidzeme,23,false
8,Latvijas Reģionu Apvienība,63,false,Andris Lubiņš,Male,Riga,16,false
8,Latvijas Reģionu Apvienība,64,false,Benita Malatkovska,Female,Riga,25,false
8,Latvijas Reģionu Apvienība,65,false,Jānis Mazitāns,Male,Vidzeme,13,false
8,Latvijas Reģionu Apvienība,66,false,Normunds Mazūrs,Male,Vidzeme,9,false
8,Latvijas Reģionu Apvienība,67,false,Rihards Melgailis,Male,Zemgale,2,false
8,Latvijas Reģionu Apvienība,68,false,Inese Navra,Female,Vidzeme,24,false
8,Latvijas Reģionu Apvienība,69,false,Aleksandrs Novickis,Male,Zemgale,11,false
8,Latvijas Reģionu Apvienība,70,false,Marita Oliņa,Female,Zemgale,14,false
8,Latvijas Reģionu Apvienība,71,false,Ieva Margarita Ozola,Female,Riga,20,false
8,Latvijas Reģionu Apvienība,72,false,Ilga Ozoliņa,Female,Vidzeme,12,false
8,Latvijas Reģionu Apvienība,73,false,Linda Ozoliņa,Female,Vidzeme,21,false
8,Latvijas Reģionu Apvienība,74,false,Aigars Ozoliņš,Male,Riga,19,false
8,Latvijas Reģionu Apvienība,75,false,Lauris Pastars,Male,Latgale,12,false
8,Latvijas Reģionu Apvienība,76,false,Rūdolfs Plēpis,Male,Riga,28,false
8,Latvijas Reģionu Apvienība,77,false,Māris Pļaviņš,Male,Vidzeme,10,false
8,Latvijas Reģionu Apvienība,78,false,Karina Putniņa,Female,Vidzeme,3,false
8,Latvijas Reģionu Apvienība,79,false,Guntis Rasims,Male,Latgale,10,false
8,Latvijas Reģionu Apvienība,80,false,Aija Raudiņa,Female,Kurzeme,6,false
8,Latvijas Reģionu Apvienība,81,false,Mareks Raups,Male,Riga,8,false
8,Latvijas Reģionu Apvienība,82,false,Dagnis Reinsons,Male,Riga,34,false
8,Latvijas Reģionu Apvienība,83,false,Kārlis Rimša,Male,Zemgale,6,false
8,Latvijas Reģionu Apvienība,84,false,Aivars Ritenieks,Male,Zemgale,17,false
8,Latvijas Reģionu Apvienība,85,false,Margots Rotbergs,Male,Riga,11,false
8,Latvijas Reģionu Apvienība,86,false,Gints Rožkalns,Male,Vidzeme,16,false
8,Latvijas Reģionu Apvienība,87,false,Andris Rubins,Male,Riga,6,false
8,Latvijas Reģionu Apvienība,88,false,Silvestrs Rubins,Male,Vidzeme,11,false
8,Latvijas Reģionu Apvienība,89,true,Jānis Ruks,Male,Vidzeme,5,true
8,Latvijas Reģionu Apvienība,90,false,Vladimirs Samohins,Male,Zemgale,7,false
8,Latvijas Reģionu Apvienība,91,false,Jānis Sergejenko,Male,Kurzeme,12,false
8,Latvijas Reģionu Apvienība,92,false,Astrīda Skrinda,Female,Latgale,14,false
8,Latvijas Reģionu Apvienība,93,false,Aija Spriņķe,Female,Zemgale,9,false
8,Latvijas Reģionu Apvienība,94,false,Līga Stendze,Female,Kurzeme,8,false
8,Latvijas Reģionu Apvienība,95,true,Mārtiņš Šics,Male,Riga,1,true
8,Latvijas Reģionu Apvienība,96,false,Artūrs Štagars,Male,Latgale,13,false
8,Latvijas Reģionu Apvienība,97,false,Aivars Timofejevs,Male,Riga,4,false
8,Latvijas Reģionu Apvienība,98,false,Māris Trankalis,Male,Vidzeme,4,false
8,Latvijas Reģionu Apvienība,99,false,Mečislavs Truskovskis,Male,Latgale,6,false
8,Latvijas Reģionu Apvienība,100,false,Sigita Upmale,Female,Vidzeme,17,false
8,Latvijas Reģionu Apvienība,101,false,Ingūna Urtāne,Female,Vidzeme,22,false
8,Latvijas Reģionu Apvienība,102,false,Inga Vanaga,Female,Zemgale,4,false
8,Latvijas Reģionu Apvienība,103,false,Natālija Vecgaile,Female,Vidzeme,15,false
8,Latvijas Reģionu Apvienība,104,false,Ilga Vecziediņa,Female,Vidzeme,14,false
8,Latvijas Reģionu Apvienība,105,false,Normunds Vilnītis,Male,Kurzeme,5,false
8,Latvijas Reģionu Apvienība,106,true,Juris Viļums,Male,Latgale,1,true
8,Latvijas Reģionu Apvienība,107,false,Evita Vinceviča,Female,Vidzeme,19,false
8,Latvijas Reģionu Apvienība,108,false,Margarita Visocka,Female,Riga,30,false
8,Latvijas Reģionu Apvienība,109,false,Juris Vorkalis,Male,Latgale,8,false
8,Latvijas Reģionu Apvienība,110,false,Sandra Zaiceva,Female,Vidzeme,28,false
8,Latvijas Reģionu Apvienība,111,false,Arnis Zekunde,Male,Kurzeme,3,false
8,Latvijas Reģionu Apvienība,112,false,Marija Zeltiņa,Female,Latgale,11,false
8,Latvijas Reģionu Apvienība,113,false,Māra Viktorija Zilgalve,Female,Riga,2,false
8,Latvijas Reģionu Apvienība,114,false,Oskars Zuģickis,Male,Latgale,5,false
8,Latvijas Reģionu Apvienība,115,false,Osvalds Zvejsalnieks,Male,Latgale,2,false
9,Jaunā konservatīvā partija,1,false,Pēteris Aglonietis,Male,Kurzeme,9,false
9,Jaunā konservatīvā partija,2,false,Mārtiņš Aizpurietis,Male,Vidzeme,18,false
9,Jaunā konservatīvā partija,3,false,Īra Alksne,Female,Latgale,7,false
9,Jaunā konservatīvā partija,4,false,Oskars Apaļais,Male,Zemgale,12,false
9,Jaunā konservatīvā partija,5,false,Gundars Ābers,Male,Riga,17,false
9,Jaunā konservatīvā partija,6,false,Gundars Ābols,Male,Vidzeme,1,false
9,Jaunā konservatīvā partija,7,false,Aldis Baltalksnis,Male,Riga,23,false
9,Jaunā konservatīvā partija,8,false,Ainars Bašķis,Male,Vidzeme,12,false
9,Jaunā konservatīvā partija,9,false,Vilis Bārtulis,Male,Kurzeme,8,false
9,Jaunā konservatīvā partija,10,false,Mārcis Bergs,Male,Vidzeme,21,false
9,Jaunā konservatīvā partija,11,false,Vitālijs Birjukovs,Male,Vidzeme,10,false
9,Jaunā konservatīvā partija,12,false,Kristaps Bogdanovičs,Male,Riga,32,false
9,Jaunā konservatīvā partija,13,false,Toms Bordāns,Male,Vidzeme,26,false
9,Jaunā konservatīvā partija,14,false,Jānis Bordāns,Male,Riga,1,false
9,Jaunā konservatīvā partija,15,false,Jānis Brokāns,Male,Zemgale,5,false
9,Jaunā konservatīvā partija,16,false,Krišjānis Brūvelis,Male,Riga,28,false
9,Jaunā konservatīvā partija,17,false,Raitis Bukovskis,Male,Latgale,5,false
9,Jaunā konservatīvā partija,18,false,Santa Cabule,Female,Latgale,9,false
9,Jaunā konservatīvā partija,19,false,Una Celmiņa,Female,Kurzeme,6,false
9,Jaunā konservatīvā partija,20,false,Inga Čekša-Ratniece,Female,Latgale,3,false
9,Jaunā konservatīvā partija,21,false,Gunta Dombrovska,Female,Riga,25,false
9,Jaunā konservatīvā partija,22,false,Eva Eglāja-Kristsone,Female,Riga,7,false
9,Jaunā konservatīvā partija,23,false,Zigurds Eglītis,Male,Riga,14,false
9,Jaunā konservatīvā partija,24,false,Jolanta Eihentāle,Female,Riga,3,false
9,Jaunā konservatīvā partija,25,false,Normunds Eihentāls,Male,Zemgale,13,false
9,Jaunā konservatīvā partija,26,false,Romeks Fabjančiks,Male,Zemgale,8,false
9,Jaunā konservatīvā partija,27,false,Astra Feldmane,Female,Riga,18,false
9,Jaunā konservatīvā partija,28,false,Krišjānis Feldmans,Male,Kurzeme,1,false
9,Jaunā konservatīvā partija,29,false,Inga Gluzda,Female,Kurzeme,3,false
9,Jaunā konservatīvā partija,30,false,Austris Grasis,Male,Riga,2,false
9,Jaunā konservatīvā partija,31,false,Māris Grīnbergs,Male,Riga,5,false
9,Jaunā konservatīvā partija,32,false,Inguna Gustava,Female,Vidzeme,9,false
9,Jaunā konservatīvā partija,33,false,Vitauts Ivonausks,Male,Riga,10,false
9,Jaunā konservatīvā partija,34,false,Normunds Janelsiņš,Male,Zemgale,14,false
9,Jaunā konservatīvā partija,35,false,Ivars Jasmanis,Male,Latgale,12,false
9,Jaunā konservatīvā partija,36,false,Gundega Jēkabsone,Female,Zemgale,9,false
9,Jaunā konservatīvā partija,37,false,Arnis Kadiķis,Male,Kurzeme,13,false
9,Jaunā konservatīvā partija,38,false,Zigurds Kalējs,Male,Zemgale,7,false
9,Jaunā konservatīvā partija,39,false,Ieva Kalniņa,Female,Riga,20,false
9,Jaunā konservatīvā partija,40,false,Rūdolfs Kalvāns,Male,Riga,6,false
9,Jaunā konservatīvā partija,41,false,Matīss Kempe,Male,Riga,27,false
9,Jaunā konservatīvā partija,42,false,Vineta Kiršteine,Female,Latgale,10,false
9,Jaunā konservatīvā partija,43,false,Jānis Kopštāls,Male,Vidzeme,20,false
9,Jaunā konservatīvā partija,44,false,Pēteris Krampītis,Male,Zemgale,10,false
9,Jaunā konservatīvā partija,45,false,Ingemārs Krūmiņš,Male,Vidzeme,22,false
9,Jaunā konservatīvā partija,46,false,Inguss Kudiņš,Male,Riga,8,false
9,Jaunā konservatīvā partija,47,false,Roberts Lakučs,Male,Riga,15,false
9,Jaunā konservatīvā partija,48,false,Guntis Leja,Male,Riga,29,false
9,Jaunā konservatīvā partija,49,false,Aldis Lieljuksis,Male,Riga,4,false
9,Jaunā konservatīvā partija,50,false,Diāna Lūse,Female,Kurzeme,10,false
9,Jaunā konservatīvā partija,51,false,Eva Mārtuža,Female,Latgale,1,false
9,Jaunā konservatīvā partija,52,false,Jānis Mārtužs,Male,Latgale,6,false
9,Jaunā konservatīvā partija,53,false,Sanita Megere-Klevinska,Female,Vidzeme,3,false
9,Jaunā konservatīvā partija,54,false,Valdis Meijers,Male,Vidzeme,15,false
9,Jaunā konservatīvā partija,55,false,Jadviga Neilande,Female,Vidzeme,11,false
9,Jaunā konservatīvā partija,56,false,Dmitrijs Nikolajevs,Male,Zemgale,6,false
9,Jaunā konservatīvā partija,57,false,Aivars Ontužāns,Male,Vidzeme,19,false
9,Jaunā konservatīvā partija,58,false,Darja Orele,Female,Latgale,8,false
9,Jaunā konservatīvā partija,59,false,Dārta Ose,Female,Vidzeme,24,false
9,Jaunā konservatīvā partija,60,false,Indra Ozoliņa,Female,Latgale,11,false
9,Jaunā konservatīvā partija,61,false,Jānis Ozoliņš,Male,Vidzeme,16,false
9,Jaunā konservatīvā partija,62,false,Juris Pavītols,Male,Kurzeme,5,false
9,Jaunā konservatīvā partija,63,false,Ūve Perlbahs,Female,Riga,31,false
9,Jaunā konservatīvā partija,64,false,Kalvis Plismanis,Male,Riga,24,false
9,Jaunā konservatīvā partija,65,false,Astrīda Podziņa,Female,Vidzeme,17,false
9,Jaunā konservatīvā partija,66,false,Laura Rancāne,Female,Riga,16,false
9,Jaunā konservatīvā partija,67,false,Andris Riekstiņš,Male,Vidzeme,13,false
9,Jaunā konservatīvā partija,68,false,Ansis Roderts,Male,Kurzeme,7,false
9,Jaunā konservatīvā partija,69,false,Dainis Rozenfelds,Male,Zemgale,4,false
9,Jaunā konservatīvā partija,70,false,Kristaps Rūde,Male,Vidzeme,4,false
9,Jaunā konservatīvā partija,71,false,Kristīne Saleniece,Female,Riga,11,false
9,Jaunā konservatīvā partija,72,false,Raitis Sijāts,Male,Vidzeme,2,false
9,Jaunā konservatīvā partija,73,false,Jānis Siliņš,Male,Vidzeme,5,false
9,Jaunā konservatīvā partija,74,false,Dainis Skrūzmanis,Male,Latgale,4,false
9,Jaunā konservatīvā partija,75,false,Andris Skuja,Male,Vidzeme,7,false
9,Jaunā konservatīvā partija,76,false,Elīna Spiča,Female,Zemgale,11,false
9,Jaunā konservatīvā partija,77,false,Dāvis Stalts,Male,Kurzeme,2,false
9,Jaunā konservatīvā partija,78,false,Gundars Strazdiņš,Male,Riga,21,false
9,Jaunā konservatīvā partija,79,false,Aigars Sudmalis,Male,Kurzeme,12,false
9,Jaunā konservatīvā partija,80,false,Zemlita Šīre,Female,Vidzeme,14,false
9,Jaunā konservatīvā partija,81,false,Juris Tolpežņikovs,Male,Zemgale,3,false
9,Jaunā konservatīvā partija,82,false,Jānis Tomels,Male,Zemgale,1,false
9,Jaunā konservatīvā partija,83,false,Jānis Uha,Male,Riga,30,false
9,Jaunā konservatīvā partija,84,false,Aldis Upmalis,Male,Riga,12,false
9,Jaunā konservatīvā partija,85,false,Arvis Urbāns,Male,Vidzeme,25,false
9,Jaunā konservatīvā partija,86,false,Guntars Vaivars,Male,Kurzeme,4,false
9,Jaunā konservatīvā partija,87,false,Līva Veita,Female,Riga,9,false
9,Jaunā konservatīvā partija,88,false,Māris Virkavs,Male,Riga,19,false
9,Jaunā konservatīvā partija,89,false,Antra Visendorfa,Female,Vidzeme,23,false
9,Jaunā konservatīvā partija,90,false,Edmunds Visendorfs,Male,Vidzeme,8,false
9,Jaunā konservatīvā partija,91,false,Ingūna Vismane,Female,Riga,13,false
9,Jaunā konservatīvā partija,92,false,Daina Vīķele,Female,Riga,26,false
9,Jaunā konservatīvā partija,93,false,Regīna Vucāne,Female,Riga,22,false
9,Jaunā konservatīvā partija,94,false,Aigars Zīmelis,Male,Latgale,2,false
9,Jaunā konservatīvā partija,95,false,Agris Zvaigzneskalns,Male,Zemgale,2,false
9,Jaunā konservatīvā partija,96,false,Didzis Zviedris,Male,Kurzeme,11,false
9,Jaunā konservatīvā partija,97,false,Lāsma Žagota,Female,Vidzeme,6,false
10,"""Latvijas Krievu savienība""",1,false,Vjačeslavs Altuhovs,Male,Riga,15,false
10,"""Latvijas Krievu savienība""",2,false,Tatjana Babajeva,Female,Riga,24,false
10,"""Latvijas Krievu savienība""",3,false,Jeļena Bačinska,Female,Riga,7,false
10,"""Latvijas Krievu savienība""",4,false,Jeļena Beskorovainaja,Female,Zemgale,10,false
10,"""Latvijas Krievu savienība""",5,false,Taisja Bite,Female,Riga,22,false
10,"""Latvijas Krievu savienība""",6,false,Irina Boļšakova,Female,Latgale,3,false
10,"""Latvijas Krievu savienība""",7,false,Eduards Bonders,Male,Vidzeme,9,false
10,"""Latvijas Krievu savienība""",8,false,Konstantīns Boroņins,Male,Kurzeme,4,false
10,"""Latvijas Krievu savienība""",9,false,Vladimirs Buzajevs,Male,Riga,4,false
10,"""Latvijas Krievu savienība""",10,false,Irina Cvetkova,Female,Riga,2,false
10,"""Latvijas Krievu savienība""",11,false,Nataļja Čehova,Female,Zemgale,3,false
10,"""Latvijas Krievu savienība""",12,false,Filips Dudins,Male,Riga,21,false
10,"""Latvijas Krievu savienība""",13,false,Tatjana Favorska,Female,Riga,14,false
10,"""Latvijas Krievu savienība""",14,false,Aleksandrs Filejs,Male,Vidzeme,1,false
10,"""Latvijas Krievu savienība""",15,false,Maksims Galkins,Male,Zemgale,6,false
10,"""Latvijas Krievu savienība""",16,false,Aleksandrs Gamaļejevs,Male,Riga,12,false
10,"""Latvijas Krievu savienība""",17,false,Helēna Geriloviča,Female,Kurzeme,2,false
10,"""Latvijas Krievu savienība""",18,false,Maksims Golubevs,Male,Latgale,14,false
10,"""Latvijas Krievu savienība""",19,false,Andrejs Golubevs,Male,Latgale,12,false
10,"""Latvijas Krievu savienība""",20,false,Einārs Graudiņš,Male,Riga,6,false
10,"""Latvijas Krievu savienība""",21,false,Anatolijs Grjaznovs,Male,Riga,23,false
10,"""Latvijas Krievu savienība""",22,false,Viktors Guščins,Male,Zemgale,2,false
10,"""Latvijas Krievu savienība""",23,false,Nikolajs Harlamovs,Male,Latgale,7,false
10,"""Latvijas Krievu savienība""",24,false,Vladimirs Hodakovskis,Male,Riga,13,false
10,"""Latvijas Krievu savienība""",25,false,Deniss Ignatjevs,Male,Zemgale,9,false
10,"""Latvijas Krievu savienība""",26,false,Nazira Iso,Female,Riga,20,false
10,"""Latvijas Krievu savienība""",27,false,Tatjana Jegorova,Female,Riga,26,false
10,"""Latvijas Krievu savienība""",28,false,Nadežda Jeļņikova,Female,Riga,30,false
10,"""Latvijas Krievu savienība""",29,false,Tatjana Jemeļjanova,Female,Riga,16,false
10,"""Latvijas Krievu savienība""",30,false,Ivans Jengaševs,Male,Vidzeme,7,false
10,"""Latvijas Krievu savienība""",31,false,Dmitrijs Jermaks,Male,Riga,25,false
10,"""Latvijas Krievu savienība""",32,false,Natālija Jolkina,Female,Riga,9,false
10,"""Latvijas Krievu savienība""",33,false,Pāvels Kirillovs,Male,Riga,5,false
10,"""Latvijas Krievu savienība""",34,false,Elita Kosaka,Female,Kurzeme,1,false
10,"""Latvijas Krievu savienība""",35,false,Iļja Kozirevs,Female,Vidzeme,3,false
10,"""Latvijas Krievu savienība""",36,false,Vitālijs Krugļešovs,Male,Zemgale,8,false
10,"""Latvijas Krievu savienība""",37,false,Fjodors Krupenkins,Male,Vidzeme,6,false
10,"""Latvijas Krievu savienība""",38,false,Valentīna Kudrjavceva,Female,Zemgale,4,false
10,"""Latvijas Krievu savienība""",39,false,Aleksejs Kurepins,Male,Riga,27,false
10,"""Latvijas Krievu savienība""",40,false,Aleksandrs Kuzmins,Male,Riga,8,false
10,"""Latvijas Krievu savienība""",41,false,Jeļena Kuzņecova,Female,Zemgale,11,false
10,"""Latvijas Krievu savienība""",42,false,Vladimirs Kuzņecovs,Male,Kurzeme,5,false
10,"""Latvijas Krievu savienība""",43,false,Edvards Kvasņevskis,Male,Riga,19,false
10,"""Latvijas Krievu savienība""",44,false,Aleksandrs Ļivčaks,Male,Latgale,2,false
10,"""Latvijas Krievu savienība""",45,false,Ašots Mamikonjans,Male,Latgale,10,false
10,"""Latvijas Krievu savienība""",46,false,Miroslavs Mitrofanovs,Male,Riga,1,false
10,"""Latvijas Krievu savienība""",47,false,Viktorija Murina,Female,Riga,18,false
10,"""Latvijas Krievu savienība""",48,false,Olga Odincova,Female,Zemgale,5,false
10,"""Latvijas Krievu savienība""",49,false,Valērijs Orlovs,Male,Latgale,9,false
10,"""Latvijas Krievu savienība""",50,false,Valērijs Oščenkovs,Male,Latgale,6,false
10,"""Latvijas Krievu savienība""",51,false,Jakovs Pliners,Male,Riga,3,false
10,"""Latvijas Krievu savienība""",52,false,Ivans Popovs,Male,Latgale,11,false
10,"""Latvijas Krievu savienība""",53,false,Pāvels Prozors,Male,Latgale,13,false
10,"""Latvijas Krievu savienība""",54,false,Aleksandrs Prutkovs,Male,Vidzeme,8,false
10,"""Latvijas Krievu savienība""",55,false,Edvīns Puķe,Male,Riga,10,false
10,"""Latvijas Krievu savienība""",56,false,Anatolijs Pušņakovs,Male,Latgale,5,false
10,"""Latvijas Krievu savienība""",57,false,Vladislavs Rafaļskis,Male,Riga,11,false
10,"""Latvijas Krievu savienība""",58,false,Ludmila Rodionova,Female,Vidzeme,4,false
10,"""Latvijas Krievu savienība""",59,false,Gagiks Sarkisjans,Male,Riga,31,false
10,"""Latvijas Krievu savienība""",60,false,Valerijs Solncevs,Male,Riga,29,false
10,"""Latvijas Krievu savienība""",61,false,Andrejs Solopenko,Male,Vidzeme,5,false
10,"""Latvijas Krievu savienība""",62,false,Sergejs Solovjovs,Male,Latgale,8,false
10,"""Latvijas Krievu savienība""",63,false,Nikolajs Starikovs,Male,Zemgale,7,false
10,"""Latvijas Krievu savienība""",64,false,Nadežda Svincova,Female,Zemgale,12,false
10,"""Latvijas Krievu savienība""",65,false,Ilona Titarenko,Female,Kurzeme,3,false
10,"""Latvijas Krievu savienība""",66,false,Andris Tolmačovs,Male,Vidzeme,2,false
10,"""Latvijas Krievu savienība""",67,false,Jeļena Učaikina,Female,Vidzeme,10,false
10,"""Latvijas Krievu savienība""",68,false,Ludmila Ušakova,Female,Zemgale,1,false
10,"""Latvijas Krievu savienība""",69,false,Aleksejs Vasiļjevs,Male,Latgale,4,false
10,"""Latvijas Krievu savienība""",70,false,Viktorija Viļumsone,Female,Riga,28,false
10,"""Latvijas Krievu savienība""",71,false,Vladimirs Vlasovs,Male,Kurzeme,6,false
10,"""Latvijas Krievu savienība""",72,false,Ludmila Vorobjova,Female,Vidzeme,11,false
10,"""Latvijas Krievu savienība""",73,false,Jurijs Zaicevs,Male,Latgale,1,false
10,"""Latvijas Krievu savienība""",74,false,Aina Žuravļova,Female,Riga,17,false
11,"""Saskaņa"" sociāldemokrātiskā partija",1,true,Valērijs Agešins,Male,Kurzeme,1,true
11,"""Saskaņa"" sociāldemokrātiskā partija",2,false,Vitālijs Aizbalts,Male,Latgale,4,false
11,"""Saskaņa"" sociāldemokrātiskā partija",3,false,Aļona Annišineca,Female,Latgale,12,false
11,"""Saskaņa"" sociāldemokrātiskā partija",4,false,Ziedonis Apariņš,Male,Vidzeme,29,false
11,"""Saskaņa"" sociāldemokrātiskā partija",5,false,Andris Arcimovičs,Male,Zemgale,8,false
11,"""Saskaņa"" sociāldemokrātiskā partija",6,false,Mārtiņš Artiņš,Male,Vidzeme,19,false
11,"""Saskaņa"" sociāldemokrātiskā partija",7,false,Viesturs Āboliņš,Male,Riga,28,false
11,"""Saskaņa"" sociāldemokrātiskā partija",8,true,Jānis Ādamsons,Male,Vidzeme,4,true
11,"""Saskaņa"" sociāldemokrātiskā partija",9,false,Inese Baikovska,Female,Vidzeme,17,false
11,"""Saskaņa"" sociāldemokrātiskā partija",10,false,Marks Barkāns,Male,Vidzeme,26,false
11,"""Saskaņa"" sociāldemokrātiskā partija",11,false,Raivis Belohvoščiks,Male,Riga,30,false
11,"""Saskaņa"" sociāldemokrātiskā partija",12,false,Olga Belova,Female,Latgale,18,false
11,"""Saskaņa"" sociāldemokrātiskā partija",13,false,Sandris Bergmanis,Male,Vidzeme,7,false
11,"""Saskaņa"" sociāldemokrātiskā partija",14,false,Raimonds Bērziņš,Male,Vidzeme,27,false
11,"""Saskaņa"" sociāldemokrātiskā partija",15,true,Boriss Cilevičs,Male,Riga,4,true
11,"""Saskaņa"" sociāldemokrātiskā partija",16,false,Mihails Cogla,Male,Kurzeme,13,false
11,"""Saskaņa"" sociāldemokrātiskā partija",17,false,Leonids Cvetkovs,Male,Latgale,15,false
11,"""Saskaņa"" sociāldemokrātiskā partija",18,false,Raitis Čekšs,Male,Zemgale,12,false
11,"""Saskaņa"" sociāldemokrātiskā partija",19,false,Normunds Dimitrijevs,Male,Latgale,11,false
11,"""Saskaņa"" sociāldemokrātiskā partija",20,true,Sergejs Dolgopolovs,Male,Vidzeme,2,true
11,"""Saskaņa"" sociāldemokrātiskā partija",21,false,Irina Dolgova,Female,Zemgale,17,false
11,"""Saskaņa"" sociāldemokrātiskā partija",22,false,Jaroslavs Dorenskis,Male,Kurzeme,14,false
11,"""Saskaņa"" sociāldemokrātiskā partija",23,false,Vladimirs Eihenbaums,Male,Riga,31,false
11,"""Saskaņa"" sociāldemokrātiskā partija",24,true,Andrejs Elksniņš,Male,Latgale,1,true
11,"""Saskaņa"" sociāldemokrātiskā partija",25,false,Ludmila Fedorkova,Female,Vidzeme,11,false
11,"""Saskaņa"" sociāldemokrātiskā partija",26,false,Henrijs Frīdenbergs,Male,Riga,22,false
11,"""Saskaņa"" sociāldemokrātiskā partija",27,false,Raimonds Gailis,Male,Riga,8,false
11,"""Saskaņa"" sociāldemokrātiskā partija",28,false,Sergejs Galaveckis,Male,Kurzeme,15,false
11,"""Saskaņa"" sociāldemokrātiskā partija",29,false,Jānis Geduševs,Male,Riga,3,false
11,"""Saskaņa"" sociāldemokrātiskā partija",30,false,Valentīns Grigorjevs,Male,Zemgale,4,false
11,"""Saskaņa"" sociāldemokrātiskā partija",31,false,Oļegs Hļebņikovs,Male,Latgale,10,false
11,"""Saskaņa"" sociāldemokrātiskā partija",32,false,Mihails Hohlovs,Male,Zemgale,13,false
11,"""Saskaņa"" sociāldemokrātiskā partija",33,true,Marjana Ivanova-Jevsejeva,Female,Latgale,9,true
11,"""Saskaņa"" sociāldemokrātiskā partija",34,false,Vladimirs Ivanovs,Male,Riga,20,false
11,"""Saskaņa"" sociāldemokrātiskā partija",35,false,Kristīna Jablonska,Female,Kurzeme,9,false
11,"""Saskaņa"" sociāldemokrātiskā partija",36,false,Aleksandrs Jakimovs,Male,Latgale,7,false
11,"""Saskaņa"" sociāldemokrātiskā partija",37,false,Ivars Jakovels,Male,Zemgale,3,false
11,"""Saskaņa"" sociāldemokrātiskā partija",38,false,Jeļena Jakovļeva,Female,Riga,25,false
11,"""Saskaņa"" sociāldemokrātiskā partija",39,false,Viktors Jakovļevs,Male,Vidzeme,6,false
11,"""Saskaņa"" sociāldemokrātiskā partija",40,false,Indulis Jankovskis,Male,Kurzeme,3,false
11,"""Saskaņa"" sociāldemokrātiskā partija",41,false,Viktors Jasiņavičs,Male,Latgale,17,false
11,"""Saskaņa"" sociāldemokrātiskā partija",42,false,Pjotrs Jevtušenko,Male,Kurzeme,8,false
11,"""Saskaņa"" sociāldemokrātiskā partija",43,false,Einārs Jurkevičs,Male,Latgale,16,false
11,"""Saskaņa"" sociāldemokrātiskā partija",44,false,Valdis Kalniņš,Male,Vidzeme,23,false
11,"""Saskaņa"" sociāldemokrātiskā partija",45,false,Agnis Kalnkaziņš,Male,Riga,7,false
11,"""Saskaņa"" sociāldemokrātiskā partija",46,false,Raimonds Kalvišs,Male,Latgale,13,false
11,"""Saskaņa"" sociāldemokrātiskā partija",47,false,Modris Karpovs,Male,Latgale,14,false
11,"""Saskaņa"" sociāldemokrātiskā partija",48,false,Ivo Kiršblats,Male,Riga,11,false
11,"""Saskaņa"" sociāldemokrātiskā partija",49,true,Ivans Klementjevs,Male,Riga,12,true
11,"""Saskaņa"" sociāldemokrātiskā partija",50,true,Andrejs Klementjevs,Male,Riga,2,true
11,"""Saskaņa"" sociāldemokrātiskā partija",51,false,Jeļena Koncevaja,Female,Riga,23,false
11,"""Saskaņa"" sociāldemokrātiskā partija",52,false,Andrejs Kondratjuks,Male,Vidzeme,13,false
11,"""Saskaņa"" sociāldemokrātiskā partija",53,false,Aivars Guntis Kreituss,Male,Vidzeme,9,false
11,"""Saskaņa"" sociāldemokrātiskā partija",54,false,Kristaps Laucis,Male,Vidzeme,16,false
11,"""Saskaņa"" sociāldemokrātiskā partija",55,false,Aigars Lavrinovičs,Male,Vidzeme,18,false
11,"""Saskaņa"" sociāldemokrātiskā partija",56,false,Jeļena Lazareva,Female,Latgale,6,false
11,"""Saskaņa"" sociāldemokrātiskā partija",57,false,Kārlis Leiškalns,Male,Vidzeme,3,false
11,"""Saskaņa"" sociāldemokrātiskā partija",58,true,Regīna Ločmele-Luņova,Female,Riga,15,true
11,"""Saskaņa"" sociāldemokrātiskā partija",59,false,Fjodors Maļonkins,Male,Vidzeme,24,false
11,"""Saskaņa"" sociāldemokrātiskā partija",60,false,Aleksejs Medvedevs,Male,Kurzeme,4,false
11,"""Saskaņa"" sociāldemokrātiskā partija",61,false,Gatis Meiris,Male,Kurzeme,12,false
11,"""Saskaņa"" sociāldemokrātiskā partija",62,false,Romans Miloslavskis,Male,Kurzeme,5,false
11,"""Saskaņa"" sociāldemokrātiskā partija",63,true,Sergejs Mirskis,Male,Riga,5,true
11,"""Saskaņa"" sociāldemokrātiskā partija",64,false,Anatolijs Misjuks,Male,Zemgale,11,false
11,"""Saskaņa"" sociāldemokrātiskā partija",65,false,Ralfs Morītis,Male,Vidzeme,12,false
11,"""Saskaņa"" sociāldemokrātiskā partija",66,false,Andris Morozovs,Male,Riga,35,false
11,"""Saskaņa"" sociāldemokrātiskā partija",67,false,Valerijs Nikolajevs,Male,Zemgale,15,false
11,"""Saskaņa"" sociāldemokrātiskā partija",68,true,Vladimirs Nikonovs,Male,Latgale,8,true
11,"""Saskaņa"" sociāldemokrātiskā partija",69,true,Ņikita Ņikiforovs,Male,Riga,13,true
11,"""Saskaņa"" sociāldemokrātiskā partija",70,false,Dzintars Obrickis,Male,Kurzeme,16,false
11,"""Saskaņa"" sociāldemokrātiskā partija",71,true,Vitālijs Orlovs,Male,Zemgale,2,true
11,"""Saskaņa"" sociāldemokrātiskā partija",72,false,Viktors Paškovs,Male,Riga,26,false
11,"""Saskaņa"" sociāldemokrātiskā partija",73,false,Sergejs Pašukovs,Male,Zemgale,9,false
11,"""Saskaņa"" sociāldemokrātiskā partija",74,false,Krišjānis Peters,Male,Zemgale,1,false
11,"""Saskaņa"" sociāldemokrātiskā partija",75,true,Igors Pimenovs,Male,Riga,16,true
11,"""Saskaņa"" sociāldemokrātiskā partija",76,true,Sergejs Potapkins,Male,Riga,9,true
11,"""Saskaņa"" sociāldemokrātiskā partija",77,false,Jānis Priede,Male,Vidzeme,22,false
11,"""Saskaņa"" sociāldemokrātiskā partija",78,false,Igors Puntuss,Male,Riga,33,false
11,"""Saskaņa"" sociāldemokrātiskā partija",79,false,Tatjana Rezņika,Female,Vidzeme,20,false
11,"""Saskaņa"" sociāldemokrātiskā partija",80,true,Ivans Ribakovs,Male,Latgale,3,true
11,"""Saskaņa"" sociāldemokrātiskā partija",81,false,Baiba Rozentāle,Female,Riga,10,false
11,"""Saskaņa"" sociāldemokrātiskā partija",82,true,Artūrs Rubiks,Male,Riga,6,true
11,"""Saskaņa"" sociāldemokrātiskā partija",83,true,Raimonds Rubiks,Male,Latgale,5,true
11,"""Saskaņa"" sociāldemokrātiskā partija",84,false,Raimonds Rublovskis,Male,Kurzeme,2,false
11,"""Saskaņa"" sociāldemokrātiskā partija",85,false,Iveta Safranoviča,Female,Zemgale,7,false
11,"""Saskaņa"" sociāldemokrātiskā partija",86,false,Inna Sakoviča,Female,Zemgale,16,false
11,"""Saskaņa"" sociāldemokrātiskā partija",87,false,Aleksandrs Sakovskis,Male,Vidzeme,5,false
11,"""Saskaņa"" sociāldemokrātiskā partija",88,false,Vadims Savkovs,Male,Vidzeme,28,false
11,"""Saskaņa"" sociāldemokrātiskā partija",89,false,Nikolajs Skačkovs,Male,Riga,34,false
11,"""Saskaņa"" sociāldemokrātiskā partija",90,false,Gaļina Skorobogatova,Female,Kurzeme,6,false
11,"""Saskaņa"" sociāldemokrātiskā partija",91,false,Nikolajs Sokols,Male,Zemgale,5,false
11,"""Saskaņa"" sociāldemokrātiskā partija",92,false,Karina Sprūde,Female,Vidzeme,14,false
11,"""Saskaņa"" sociāldemokrātiskā partija",93,true,Jūlija Stepaņenko,Female,Riga,14,true
11,"""Saskaņa"" sociāldemokrātiskā partija",94,false,Vjačeslavs Stunžāns,Male,Kurzeme,10,false
11,"""Saskaņa"" sociāldemokrātiskā partija",95,false,Andrejs Šikors,Male,Riga,24,false
11,"""Saskaņa"" sociāldemokrātiskā partija",96,false,Inese Švekle,Female,Riga,18,false
11,"""Saskaņa"" sociāldemokrātiskā partija",97,false,Natalija Tkačenko,Female,Kurzeme,11,false
11,"""Saskaņa"" sociāldemokrātiskā partija",98,true,Zenta Tretjaka,Female,Zemgale,6,true
11,"""Saskaņa"" sociāldemokrātiskā partija",99,false,Vitalijs Trusevičs,Male,Kurzeme,7,false
11,"""Saskaņa"" sociāldemokrātiskā partija",100,true,Jānis Tutins,Male,Latgale,2,true
11,"""Saskaņa"" sociāldemokrātiskā partija",101,true,Jānis Urbanovičs,Male,Riga,1,true
11,"""Saskaņa"" sociāldemokrātiskā partija",102,false,Normunds Vagalis,Male,Vidzeme,21,false
11,"""Saskaņa"" sociāldemokrātiskā partija",103,false,Edgars Vaikulis,Male,Vidzeme,10,false
11,"""Saskaņa"" sociāldemokrātiskā partija",104,false,Aleksandrs Vasiļjevs,Male,Riga,32,false
11,"""Saskaņa"" sociāldemokrātiskā partija",105,false,Valerijs Vilčinskis,Male,Vidzeme,15,false
11,"""Saskaņa"" sociāldemokrātiskā partija",106,false,Ruslans Vrobļevskis,Male,Zemgale,14,false
11,"""Saskaņa"" sociāldemokrātiskā partija",107,false,Jeļena Zagainova,Female,Riga,21,false
11,"""Saskaņa"" sociāldemokrātiskā partija",108,true,Ivars Zariņš,Male,Vidzeme,1,true
11,"""Saskaņa"" sociāldemokrātiskā partija",109,true,Mihails Zemļinskis,Male,Riga,17,true
11,"""Saskaņa"" sociāldemokrātiskā partija",110,false,Inga Ziņģe-Pupiņa,Female,Riga,27,false
11,"""Saskaņa"" sociāldemokrātiskā partija",111,false,Igors Zujevs,Male,Riga,19,false
11,"""Saskaņa"" sociāldemokrātiskā partija",112,false,Edgars Zveja,Male,Vidzeme,8,false
11,"""Saskaņa"" sociāldemokrātiskā partija",113,false,Mareks Žizņevskis,Male,Zemgale,10,false
11,"""Saskaņa"" sociāldemokrātiskā partija",114,false,Igors Žukovs,Male,Vidzeme,25,false
11,"""Saskaņa"" sociāldemokrātiskā partija",115,false,Vladimirs Žuks,Male,Riga,29,false
12,Zaļo un Zemnieku savienība,1,false,Inese Aizstrauta,Female,Vidzeme,5,false
12,Zaļo un Zemnieku savienība,2,true,Uldis Augulis,Male,Zemgale,2,true
12,Zaļo un Zemnieku savienība,3,false,Gatis Ābele,Male,Vidzeme,19,false
12,Zaļo un Zemnieku savienība,4,true,Aija Barča,Female,Kurzeme,2,true
12,Zaļo un Zemnieku savienība,5,false,Ivars Bārdiņš,Male,Riga,34,false
12,Zaļo un Zemnieku savienība,6,false,Rolands Bārenis,Male,Riga,28,false
12,Zaļo un Zemnieku savienība,7,false,Uldis Beite,Male,Riga,20,false
12,Zaļo un Zemnieku savienība,8,true,Guntis Belēvičs,Male,Riga,1,true
12,Zaļo un Zemnieku savienība,9,false,Rūta Bendere,Female,Riga,31,false
12,Zaļo un Zemnieku savienība,10,true,Raimonds Bergmanis,Male,Zemgale,4,true
12,Zaļo un Zemnieku savienība,11,true,Andris Bērziņš,Male,Zemgale,3,true
12,Zaļo un Zemnieku savienība,12,false,Gunārs Binde,Male,Riga,19,false
12,Zaļo un Zemnieku savienība,13,false,Jānis Blūzmanis,Male,Zemgale,15,false
12,Zaļo un Zemnieku savienība,14,false,Uldis Boitmanis,Male,Kurzeme,15,false
12,Zaļo un Zemnieku savienība,15,false,Gints Briežkalns,Male,Riga,24,false
12,Zaļo un Zemnieku savienība,16,true,Augusts Brigmanis,Male,Zemgale,1,true
12,Zaļo un Zemnieku savienība,17,false,Ēvalds Cauņa,Male,Latgale,6,false
12,Zaļo un Zemnieku savienība,18,false,Gunārs Ciglis,Male,Vidzeme,25,false
12,Zaļo un Zemnieku savienība,19,false,Valters Dambe,Male,Vidzeme,17,false
12,Zaļo un Zemnieku savienība,20,true,Gundars Daudze,Male,Kurzeme,3,true
12,Zaļo un Zemnieku savienība,21,false,Aivars Dronka,Male,Zemgale,9,false
12,Zaļo un Zemnieku savienība,22,true,Jānis Dūklavs,Male,Vidzeme,1,true
12,Zaļo un Zemnieku savienība,23,false,Māris Dzelzskalns,Male,Vidzeme,24,false
12,Zaļo un Zemnieku savienība,24,false,Gatis Dzērve-Tāluts,Male,Riga,30,false
12,Zaļo un Zemnieku savienība,25,false,Vugars Ecmanis,Male,Vidzeme,9,false
12,Zaļo un Zemnieku savienība,26,true,Rihards Eigims,Male,Latgale,2,true
12,Zaļo un Zemnieku savienība,27,false,Jānis Golubevs,Male,Latgale,17,false
12,Zaļo un Zemnieku savienība,28,false,Artūrs Graudiņš,Male,Riga,8,false
12,Zaļo un Zemnieku savienība,29,false,Vijārs Griķis,Male,Vidzeme,27,false
12,Zaļo un Zemnieku savienība,30,false,Ruta Grustāne,Female,Latgale,14,false
12,Zaļo un Zemnieku savienība,31,false,Inga Gudēviča,Female,Riga,12,false
12,Zaļo un Zemnieku savienība,32,false,Jānis Ieviņš,Male,Riga,13,false
12,Zaļo un Zemnieku savienība,33,false,Mārtiņš Jirgens,Male,Riga,23,false
12,Zaļo un Zemnieku savienība,34,false,Elita Kalniņa,Female,Riga,11,false
12,Zaļo un Zemnieku savienība,35,false,Guntis Kalniņš,Male,Zemgale,13,false
12,Zaļo un Zemnieku savienība,36,false,Valdis Kalnozols,Male,Riga,4,false
12,Zaļo un Zemnieku savienība,37,false,Dainis Karols,Male,Kurzeme,5,false
12,Zaļo un Zemnieku savienība,38,false,Inese Kārkliņa,Female,Vidzeme,20,false
12,Zaļo un Zemnieku savienība,39,false,Elita Keiša,Female,Zemgale,14,false
12,Zaļo un Zemnieku savienība,40,false,Katrīna Killa,Female,Riga,33,false
12,Zaļo un Zemnieku savienība,41,true,Jānis Klaužs,Male,Latgale,3,true
12,Zaļo un Zemnieku savienība,42,false,Ilze Kļava,Female,Kurzeme,9,false
12,Zaļo un Zemnieku savienība,43,false,Askolds Kļaviņš,Male,Riga,35,false
12,Zaļo un Zemnieku savienība,44,false,Valerijs Kozlovs,Male,Latgale,18,false
12,Zaļo un Zemnieku savienība,45,false,Līga Kozlovska,Female,Latgale,5,false
12,Zaļo un Zemnieku savienība,46,true,Armands Krauze,Male,Vidzeme,4,true
12,Zaļo un Zemnieku savienība,47,true,Māris Kučinskis,Male,Riga,3,true
12,Zaļo un Zemnieku savienība,48,false,Vitolds Kudurs,Male,Latgale,9,false
12,Zaļo un Zemnieku savienība,49,false,Jānis Leitis,Male,Vidzeme,16,false
12,Zaļo un Zemnieku savienība,50,true,Ingmārs Līdaka,Male,Vidzeme,2,true
12,Zaļo un Zemnieku savienība,51,false,Arnis Luhse,Male,Vidzeme,10,false
12,Zaļo un Zemnieku savienība,52,false,Agris Lungevičs,Male,Vidzeme,15,false
12,Zaļo un Zemnieku savienība,53,false,Voldemārs Lūsis,Male,Vidzeme,18,false
12,Zaļo un Zemnieku savienība,54,false,Jeļena Malahova,Female,Riga,26,false
12,Zaļo un Zemnieku savienība,55,false,Mārtiņš Martinsons,Male,Kurzeme,10,false
12,Zaļo un Zemnieku savienība,56,false,Ģirts Mazurs,Male,Riga,18,false
12,Zaļo un Zemnieku savienība,57,false,Jānis Megnis,Male,Kurzeme,14,false
12,Zaļo un Zemnieku savienība,58,false,Pāvels Melnis,Male,Latgale,10,false
12,Zaļo un Zemnieku savienība,59,true,Ainārs Mežulis,Male,Vidzeme,6,true
12,Zaļo un Zemnieku savienība,60,false,Andris Mihaļovs,Male,Vidzeme,28,false
12,Zaļo un Zemnieku savienība,61,false,Aivars Nalivaiko,Male,Vidzeme,13,false
12,Zaļo un Zemnieku savienība,62,false,Irēna Opšteine,Female,Kurzeme,8,false
12,Zaļo un Zemnieku savienība,63,false,Andrejs Panteļējevs,Male,Latgale,7,false
12,Zaļo un Zemnieku savienība,64,false,Imants Pastors,Male,Vidzeme,11,false
12,Zaļo un Zemnieku savienība,65,false,Rihards Plotka,Male,Riga,29,false
12,Zaļo un Zemnieku savienība,66,false,Uldis Plūmīte,Male,Vidzeme,23,false
12,Zaļo un Zemnieku savienība,67,false,Indriķis Putniņš,Male,Vidzeme,7,false
12,Zaļo un Zemnieku savienība,68,false,Edgars Putra,Male,Kurzeme,13,false
12,Zaļo un Zemnieku savienība,69,false,Vita Pūķe,Female,Vidzeme,22,false
12,Zaļo un Zemnieku savienība,70,false,Arvīds Raciborskis,Male,Latgale,11,false
12,Zaļo un Zemnieku savienība,71,true,Artis Rasmanis,Male,Vidzeme,8,true
12,Zaļo un Zemnieku savienība,72,false,Jānis Rāzna,Male,Riga,6,false
12,Zaļo un Zemnieku savienība,73,true,Dana Reizniece-Ozola,Female,Kurzeme,1,true
12,Zaļo un Zemnieku savienība,74,false,Kaspars Rimšs,Male,Latgale,16,false
12,Zaļo un Zemnieku savienība,75,false,Dace Rolava,Female,Riga,25,false
12,Zaļo un Zemnieku savienība,76,false,Sandra Rone,Female,Vidzeme,26,false
12,Zaļo un Zemnieku savienība,77,false,Inguna Rožkalne-Žubure,Female,Vidzeme,21,false
12,Zaļo un Zemnieku savienība,78,false,Aivars Rudzroga,Male,Kurzeme,12,false
12,Zaļo un Zemnieku savienība,79,false,Liene Rulle,Female,Zemgale,17,false
12,Zaļo un Zemnieku savienība,80,false,Mārtiņš Ruža,Male,Zemgale,10,false
12,Zaļo un Zemnieku savienība,81,false,Māris Salzirnis,Male,Riga,15,false
12,Zaļo un Zemnieku savienība,82,false,Mareks Segliņš,Male,Kurzeme,4,false
12,Zaļo un Zemnieku savienība,83,true,Kārlis Seržants,Male,Riga,2,true
12,Zaļo un Zemnieku savienība,84,true,Andris Siliņš,Male,Vidzeme,3,true
12,Zaļo un Zemnieku savienība,85,true,Valdis Skujiņš,Male,Kurzeme,16,true
12,Zaļo un Zemnieku savienība,86,false,Aldis Slavinskis,Male,Kurzeme,11,false
12,Zaļo un Zemnieku savienība,87,false,Māris Slokenbergs,Male,Riga,17,false
12,Zaļo un Zemnieku savienība,88,false,Alfons Spēks,Male,Kurzeme,6,false
12,Zaļo un Zemnieku savienība,89,false,Baiba Stabulniece,Female,Riga,16,false
12,Zaļo un Zemnieku savienība,90,false,Jānis Stakens,Male,Riga,9,false
12,Zaļo un Zemnieku savienība,91,false,Dagnija Staķe,Female,Zemgale,7,false
12,Zaļo un Zemnieku savienība,92,false,Aivars Straume,Male,Vidzeme,14,false
12,Zaļo un Zemnieku savienība,93,false,Izolde Stugle,Female,Latgale,15,false
12,Zaļo un Zemnieku savienība,94,false,Staņislavs Šķesters,Male,Latgale,8,false
12,Zaļo un Zemnieku savienība,95,false,Inga Štāle,Female,Zemgale,8,false
12,Zaļo un Zemnieku savienība,96,false,Edgars Tavars,Male,Riga,5,false
12,Zaļo un Zemnieku savienība,97,false,Andris Tēraudkalns,Male,Riga,32,false
12,Zaļo un Zemnieku savienība,98,false,Kristaps Treimanis,Male,Riga,21,false
12,Zaļo un Zemnieku savienība,99,false,Jānis Trupovnieks,Male,Latgale,4,false
12,Zaļo un Zemnieku savienība,100,false,Arvīds Ulme,Male,Riga,7,false
12,Zaļo un Zemnieku savienība,101,false,Diāna Upeniece,Female,Latgale,13,false
12,Zaļo un Zemnieku savienība,102,false,Reinis Uzulnieks,Male,Riga,10,false
12,Zaļo un Zemnieku savienība,103,false,Daina Vasiļevska,Female,Riga,22,false
12,Zaļo un Zemnieku savienība,104,false,Alīda Vāne,Female,Zemgale,16,false
12,Zaļo un Zemnieku savienība,105,false,Juris Vectirāns,Male,Zemgale,5,false
12,Zaļo un Zemnieku savienība,106,false,Vilnis Veinbergs,Male,Zemgale,6,false
12,Zaļo un Zemnieku savienība,107,true,Raimonds Vējonis,Male,Latgale,1,true
12,Zaļo un Zemnieku savienība,108,false,Antija Vēvere,Female,Latgale,12,false
12,Zaļo un Zemnieku savienība,109,false,Ingrīda Vilkārse,Female,Vidzeme,29,false
12,Zaļo un Zemnieku savienība,110,false,Ilona Virza-Zariņa,Female,Zemgale,11,false
12,Zaļo un Zemnieku savienība,111,false,Renārs Vītols,Male,Riga,27,false
12,Zaļo un Zemnieku savienība,112,true,Jānis Vucāns,Male,Kurzeme,7,true
12,Zaļo un Zemnieku savienība,113,false,Ēriks Zaporožecs,Male,Zemgale,12,false
12,Zaļo un Zemnieku savienība,114,false,Didzis Zemmers,Male,Vidzeme,12,false
12,Zaļo un Zemnieku savienība,115,false,Jānis Zīvers,Male,Riga,14,false
13,No sirds Latvijai,1,false,Ivars Amoliņš,Male,Zemgale,9,false
13,No sirds Latvijai,2,false,Jautrīte Ašurova,Female,Vidzeme,13,false
13,No sirds Latvijai,3,true,Ringolds Balodis,Male,Kurzeme,1,true
13,No sirds Latvijai,4,false,Sandra Bāliņa,Female,Riga,14,false
13,No sirds Latvijai,5,false,Sandis Bārdiņš,Male,Kurzeme,11,false
13,No sirds Latvijai,6,false,Valters Bolēvics,Male,Riga,6,false
13,No sirds Latvijai,7,false,Tamāra Brice,Female,Riga,25,false
13,No sirds Latvijai,8,false,Liene Cipule,Female,Vidzeme,3,false
13,No sirds Latvijai,9,false,Jānis Dārziņš,Male,Latgale,8,false
13,No sirds Latvijai,10,false,Guntars Dārznieks,Male,Vidzeme,6,false
13,No sirds Latvijai,11,false,Vera Doreiko-Sinkeviča,Female,Latgale,12,false
13,No sirds Latvijai,12,false,Guntars Driņķis,Male,Vidzeme,9,false
13,No sirds Latvijai,13,false,Anžela Dubovska,Female,Latgale,6,false
13,No sirds Latvijai,14,false,Marita Eisaka,Female,Riga,22,false
13,No sirds Latvijai,15,false,Ivars Falks,Male,Zemgale,4,false
13,No sirds Latvijai,16,false,Rihards Fridbergs,Male,Riga,33,false
13,No sirds Latvijai,17,false,Jānis Garbovskis,Male,Vidzeme,7,false
13,No sirds Latvijai,18,false,Skaidrīte Grigale,Female,Latgale,4,false
13,No sirds Latvijai,19,false,Jānis Grigalis,Male,Riga,21,false
13,No sirds Latvijai,20,false,Eduards Grubevičs,Male,Latgale,13,false
13,No sirds Latvijai,21,false,Juris Jaunzems,Male,Kurzeme,8,false
13,No sirds Latvijai,22,false,Andrejs Jirgensons,Male,Riga,23,false
13,No sirds Latvijai,23,false,Māris Jurušs,Male,Vidzeme,8,false
13,No sirds Latvijai,24,false,Juris Kajaks,Male,Vidzeme,17,false
13,No sirds Latvijai,25,false,Daiga Kalniņa,Female,Kurzeme,2,false
13,No sirds Latvijai,26,false,Inguna Kalniņa,Female,Riga,11,false
13,No sirds Latvijai,27,false,Leonīds Kaļiņins,Male,Latgale,16,false
13,No sirds Latvijai,28,false,Dace Kaminska,Female,Zemgale,12,false
13,No sirds Latvijai,29,false,Andrejs Kitovs,Male,Latgale,14,false
13,No sirds Latvijai,30,false,Pēteris Kolāts,Male,Kurzeme,7,false
13,No sirds Latvijai,31,false,Ineta Kona,Female,Vidzeme,21,false
13,No sirds Latvijai,32,false,Gints Kragliks,Male,Vidzeme,18,false
13,No sirds Latvijai,33,false,Andrejs Krasņikovs,Male,Riga,8,false
13,No sirds Latvijai,34,false,Ivars Krusts,Male,Zemgale,13,false
13,No sirds Latvijai,35,false,Jānis Kurpnieks,Male,Zemgale,8,false
13,No sirds Latvijai,36,false,Nelli Kutukova,Female,Riga,30,false
13,No sirds Latvijai,37,true,Gunārs Kūtris,Male,Vidzeme,1,true
13,No sirds Latvijai,38,false,Inese Lagzdiņa,Female,Kurzeme,13,false
13,No sirds Latvijai,39,false,Margarita Laicāne,Female,Vidzeme,25,false
13,No sirds Latvijai,40,false,Inna Laizāne,Female,Riga,7,false
13,No sirds Latvijai,41,false,Tālis Laizāns,Male,Riga,9,false
13,No sirds Latvijai,42,false,Valdis Lauskis,Male,Riga,5,false
13,No sirds Latvijai,43,false,Silva Lazda-Poikāne,Female,Riga,32,false
13,No sirds Latvijai,44,false,Valentīna Lazovska,Female,Latgale,9,false
13,No sirds Latvijai,45,false,Viktors Lelis,Male,Zemgale,6,false
13,No sirds Latvijai,46,false,Jānis Liberts,Male,Riga,17,false
13,No sirds Latvijai,47,false,Marks Lomonosovs,Male,Vidzeme,20,false
13,No sirds Latvijai,48,false,Oskars Lūsis,Male,Vidzeme,10,false
13,No sirds Latvijai,49,false,Romualds Maculevičs,Male,Latgale,10,false
13,No sirds Latvijai,50,false,Natālija Magazeina,Female,Kurzeme,5,false
13,No sirds Latvijai,51,false,Daina Medne,Female,Riga,10,false
13,No sirds Latvijai,52,true,Aivars Meija,Male,Zemgale,1,true
13,No sirds Latvijai,53,false,Agris Meirēns,Male,Zemgale,14,false
13,No sirds Latvijai,54,true,Romāns Mežeckis,Male,Riga,3,true
13,No sirds Latvijai,55,false,Klāvs Miezis,Male,Vidzeme,24,false
13,No sirds Latvijai,56,false,Māris Nagla,Male,Kurzeme,4,false
13,No sirds Latvijai,57,false,Jānis Neimanis,Male,Kurzeme,6,false
13,No sirds Latvijai,58,false,Raimonds Nipers,Male,Latgale,5,false
13,No sirds Latvijai,59,false,Diāna Novicka,Female,Zemgale,2,false
13,No sirds Latvijai,60,false,Dace Nulle,Female,Riga,4,false
13,No sirds Latvijai,61,false,Iveta Ozoliņa,Female,Vidzeme,11,false
13,No sirds Latvijai,62,false,Sergejs Parvatkins,Male,Riga,13,false
13,No sirds Latvijai,63,false,Jekaterīna Pavlova,Female,Riga,18,false
13,No sirds Latvijai,64,false,Inguna Pelše,Female,Vidzeme,26,false
13,No sirds Latvijai,65,false,Anita Petrova,Female,Latgale,2,false
13,No sirds Latvijai,66,false,Edmunds Pētersons,Male,Zemgale,5,false
13,No sirds Latvijai,67,false,Inese Pivare,Female,Vidzeme,27,false
13,No sirds Latvijai,68,true,Arvīds Platpers,Male,Vidzeme,4,true
13,No sirds Latvijai,69,false,Andris Priekulis,Male,Riga,2,false
13,No sirds Latvijai,70,false,Juris Razživins,Male,Zemgale,10,false
13,No sirds Latvijai,71,false,Baiba Reitere,Female,Riga,28,false
13,No sirds Latvijai,72,false,Guntis Rolis,Male,Kurzeme,3,false
13,No sirds Latvijai,73,false,Anatolijs Romaņuks,Male,Latgale,7,false
13,No sirds Latvijai,74,false,Valters Rotkājs,Male,Vidzeme,15,false
13,No sirds Latvijai,75,false,Roksana Rudeviča,Female,Riga,24,false
13,No sirds Latvijai,76,false,Vladimirs Rusanovs,Male,Riga,26,false
13,No sirds Latvijai,77,false,Aivars Saulītis,Male,Zemgale,7,false
13,No sirds Latvijai,78,false,Silvija Saviča,Female,Vidzeme,23,false
13,No sirds Latvijai,79,false,Tahirs Sīmanis,Male,Vidzeme,22,false
13,No sirds Latvijai,80,false,Indulis Skudra,Male,Zemgale,11,false
13,No sirds Latvijai,81,false,Mārtiņš Smilga,Male,Riga,19,false
13,No sirds Latvijai,82,false,Heino Spulģis,Male,Riga,15,false
13,No sirds Latvijai,83,false,Ineta Stabulniece,Female,Vidzeme,2,false
13,No sirds Latvijai,84,false,Inese Straume,Female,Vidzeme,14,false
13,No sirds Latvijai,85,true,Inguna Sudraba,Female,Riga,1,true
13,No sirds Latvijai,86,false,Valentīna Šabuņeviča,Female,Latgale,3,false
13,No sirds Latvijai,87,true,Silvija Šimfa,Female,Latgale,1,true
13,No sirds Latvijai,88,false,Natālija Tautkusa,Female,Latgale,11,false
13,No sirds Latvijai,89,false,Igors Tračums,Male,Vidzeme,19,false
13,No sirds Latvijai,90,false,Ēriks Treļs,Male,Riga,12,false
13,No sirds Latvijai,91,false,Aleksejs Trigubjuks,Male,Riga,31,false
13,No sirds Latvijai,92,false,Normunds Tukišs,Male,Vidzeme,12,false
13,No sirds Latvijai,93,false,Iveta Tumaščika,Female,Kurzeme,9,false
13,No sirds Latvijai,94,false,Ilgvars Ugars,Male,Latgale,15,false
13,No sirds Latvijai,95,false,Liāna Ulmane,Female,Zemgale,15,false
13,No sirds Latvijai,96,false,Inese Vārslavāne,Female,Zemgale,3,false
13,No sirds Latvijai,97,false,Jānis Veips,Male,Kurzeme,12,false
13,No sirds Latvijai,98,false,Daina Verveiko,Female,Riga,16,false
13,No sirds Latvijai,99,false,Modra Vilkauša,Female,Vidzeme,16,false
13,No sirds Latvijai,100,false,Guntars Viziņš,Male,Vidzeme,5,false
13,No sirds Latvijai,101,false,Jānis Zalcmanis,Male,Riga,29,false
13,No sirds Latvijai,102,false,Daiga Zipeva-Biumane,Female,Kurzeme,10,false
13,No sirds Latvijai,103,false,Vladimirs Zvonarevs,Male,Riga,20,false
13,No sirds Latvijai,104,false,Artūrs Žalostibs,Male,Riga,27,false
13,No sirds Latvijai,105,false,Iveta Žvagiņa,Female,Zemgale,16,false
